,date,province,confirmed,deceased
0,2020-01-20,Seoul,0,0
1,2020-01-20,Busan,0,0
2,2020-01-20,Daegu,0,0
3,2020-01-20,Incheon,1,0
4,2020-01-20,Gwangju,0,0
5,2020-01-20,Daejeon,0,0
6,2020-01-20,Ulsan,0,0
7,2020-01-20,Sejong,0,0
8,2020-01-20,Gyeonggi-do,0,0
9,2020-01-20,Gangwon-do,0,0
10,2020-01-20,Chungcheongbuk-do,0,0
11,2020-01-20,Chungcheongnam-do,0,0
12,2020-01-20,Jeollabuk-do,0,0
13,2020-01-20,Jeollanam-do,0,0
14,2020-01-20,Gyeongsangbuk-do,0,0
15,2020-01-20,Gyeongsangnam-do,0,0
16,2020-01-20,Jeju-do,0,0
17,2020-01-21,Seoul,0,0
18,2020-01-21,Busan,0,0
19,2020-01-21,Daegu,0,0
20,2020-01-21,Incheon,1,0
21,2020-01-21,Gwangju,0,0
22,2020-01-21,Daejeon,0,0
23,2020-01-21,Ulsan,0,0
24,2020-01-21,Sejong,0,0
25,2020-01-21,Gyeonggi-do,0,0
26,2020-01-21,Gangwon-do,0,0
27,2020-01-21,Chungcheongbuk-do,0,0
28,2020-01-21,Chungcheongnam-do,0,0
29,2020-01-21,Jeollabuk-do,0,0
30,2020-01-21,Jeollanam-do,0,0
31,2020-01-21,Gyeongsangbuk-do,0,0
32,2020-01-21,Gyeongsangnam-do,0,0
33,2020-01-21,Jeju-do,0,0
34,2020-01-22,Seoul,0,0
35,2020-01-22,Busan,0,0
36,2020-01-22,Daegu,0,0
37,2020-01-22,Incheon,1,0
38,2020-01-22,Gwangju,0,0
39,2020-01-22,Daejeon,0,0
40,2020-01-22,Ulsan,0,0
41,2020-01-22,Sejong,0,0
42,2020-01-22,Gyeonggi-do,0,0
43,2020-01-22,Gangwon-do,0,0
44,2020-01-22,Chungcheongbuk-do,0,0
45,2020-01-22,Chungcheongnam-do,0,0
46,2020-01-22,Jeollabuk-do,0,0
47,2020-01-22,Jeollanam-do,0,0
48,2020-01-22,Gyeongsangbuk-do,0,0
49,2020-01-22,Gyeongsangnam-do,0,0
50,2020-01-22,Jeju-do,0,0
51,2020-01-23,Seoul,0,0
52,2020-01-23,Busan,0,0
53,2020-01-23,Daegu,0,0
54,2020-01-23,Incheon,1,0
55,2020-01-23,Gwangju,0,0
56,2020-01-23,Daejeon,0,0
57,2020-01-23,Ulsan,0,0
58,2020-01-23,Sejong,0,0
59,2020-01-23,Gyeonggi-do,0,0
60,2020-01-23,Gangwon-do,0,0
61,2020-01-23,Chungcheongbuk-do,0,0
62,2020-01-23,Chungcheongnam-do,0,0
63,2020-01-23,Jeollabuk-do,0,0
64,2020-01-23,Jeollanam-do,0,0
65,2020-01-23,Gyeongsangbuk-do,0,0
66,2020-01-23,Gyeongsangnam-do,0,0
67,2020-01-23,Jeju-do,0,0
68,2020-01-24,Seoul,0,0
69,2020-01-24,Busan,0,0
70,2020-01-24,Daegu,0,0
71,2020-01-24,Incheon,1,0
72,2020-01-24,Gwangju,0,0
73,2020-01-24,Daejeon,0,0
74,2020-01-24,Ulsan,0,0
75,2020-01-24,Sejong,0,0
76,2020-01-24,Gyeonggi-do,1,0
77,2020-01-24,Gangwon-do,0,0
78,2020-01-24,Chungcheongbuk-do,0,0
79,2020-01-24,Chungcheongnam-do,0,0
80,2020-01-24,Jeollabuk-do,0,0
81,2020-01-24,Jeollanam-do,0,0
82,2020-01-24,Gyeongsangbuk-do,0,0
83,2020-01-24,Gyeongsangnam-do,0,0
84,2020-01-24,Jeju-do,0,0
85,2020-01-25,Seoul,0,0
86,2020-01-25,Busan,0,0
87,2020-01-25,Daegu,0,0
88,2020-01-25,Incheon,1,0
89,2020-01-25,Gwangju,0,0
90,2020-01-25,Daejeon,0,0
91,2020-01-25,Ulsan,0,0
92,2020-01-25,Sejong,0,0
93,2020-01-25,Gyeonggi-do,1,0
94,2020-01-25,Gangwon-do,0,0
95,2020-01-25,Chungcheongbuk-do,0,0
96,2020-01-25,Chungcheongnam-do,0,0
97,2020-01-25,Jeollabuk-do,0,0
98,2020-01-25,Jeollanam-do,0,0
99,2020-01-25,Gyeongsangbuk-do,0,0
100,2020-01-25,Gyeongsangnam-do,0,0
101,2020-01-25,Jeju-do,0,0
102,2020-01-26,Seoul,0,0
103,2020-01-26,Busan,0,0
104,2020-01-26,Daegu,0,0
105,2020-01-26,Incheon,1,0
106,2020-01-26,Gwangju,0,0
107,2020-01-26,Daejeon,0,0
108,2020-01-26,Ulsan,0,0
109,2020-01-26,Sejong,0,0
110,2020-01-26,Gyeonggi-do,2,0
111,2020-01-26,Gangwon-do,0,0
112,2020-01-26,Chungcheongbuk-do,0,0
113,2020-01-26,Chungcheongnam-do,0,0
114,2020-01-26,Jeollabuk-do,0,0
115,2020-01-26,Jeollanam-do,0,0
116,2020-01-26,Gyeongsangbuk-do,0,0
117,2020-01-26,Gyeongsangnam-do,0,0
118,2020-01-26,Jeju-do,0,0
119,2020-01-27,Seoul,1,0
120,2020-01-27,Busan,0,0
121,2020-01-27,Daegu,0,0
122,2020-01-27,Incheon,1,0
123,2020-01-27,Gwangju,0,0
124,2020-01-27,Daejeon,0,0
125,2020-01-27,Ulsan,0,0
126,2020-01-27,Sejong,0,0
127,2020-01-27,Gyeonggi-do,2,0
128,2020-01-27,Gangwon-do,0,0
129,2020-01-27,Chungcheongbuk-do,0,0
130,2020-01-27,Chungcheongnam-do,0,0
131,2020-01-27,Jeollabuk-do,0,0
132,2020-01-27,Jeollanam-do,0,0
133,2020-01-27,Gyeongsangbuk-do,0,0
134,2020-01-27,Gyeongsangnam-do,0,0
135,2020-01-27,Jeju-do,0,0
136,2020-01-28,Seoul,1,0
137,2020-01-28,Busan,0,0
138,2020-01-28,Daegu,0,0
139,2020-01-28,Incheon,1,0
140,2020-01-28,Gwangju,0,0
141,2020-01-28,Daejeon,0,0
142,2020-01-28,Ulsan,0,0
143,2020-01-28,Sejong,0,0
144,2020-01-28,Gyeonggi-do,2,0
145,2020-01-28,Gangwon-do,0,0
146,2020-01-28,Chungcheongbuk-do,0,0
147,2020-01-28,Chungcheongnam-do,0,0
148,2020-01-28,Jeollabuk-do,0,0
149,2020-01-28,Jeollanam-do,0,0
150,2020-01-28,Gyeongsangbuk-do,0,0
151,2020-01-28,Gyeongsangnam-do,0,0
152,2020-01-28,Jeju-do,0,0
153,2020-01-29,Seoul,1,0
154,2020-01-29,Busan,0,0
155,2020-01-29,Daegu,0,0
156,2020-01-29,Incheon,1,0
157,2020-01-29,Gwangju,0,0
158,2020-01-29,Daejeon,0,0
159,2020-01-29,Ulsan,0,0
160,2020-01-29,Sejong,0,0
161,2020-01-29,Gyeonggi-do,2,0
162,2020-01-29,Gangwon-do,0,0
163,2020-01-29,Chungcheongbuk-do,0,0
164,2020-01-29,Chungcheongnam-do,0,0
165,2020-01-29,Jeollabuk-do,0,0
166,2020-01-29,Jeollanam-do,0,0
167,2020-01-29,Gyeongsangbuk-do,0,0
168,2020-01-29,Gyeongsangnam-do,0,0
169,2020-01-29,Jeju-do,0,0
170,2020-01-30,Seoul,3,0
171,2020-01-30,Busan,0,0
172,2020-01-30,Daegu,0,0
173,2020-01-30,Incheon,1,0
174,2020-01-30,Gwangju,0,0
175,2020-01-30,Daejeon,0,0
176,2020-01-30,Ulsan,0,0
177,2020-01-30,Sejong,0,0
178,2020-01-30,Gyeonggi-do,3,0
179,2020-01-30,Gangwon-do,0,0
180,2020-01-30,Chungcheongbuk-do,0,0
181,2020-01-30,Chungcheongnam-do,0,0
182,2020-01-30,Jeollabuk-do,0,0
183,2020-01-30,Jeollanam-do,0,0
184,2020-01-30,Gyeongsangbuk-do,0,0
185,2020-01-30,Gyeongsangnam-do,0,0
186,2020-01-30,Jeju-do,0,0
187,2020-01-31,Seoul,4,0
188,2020-01-31,Busan,0,0
189,2020-01-31,Daegu,0,0
190,2020-01-31,Incheon,1,0
191,2020-01-31,Gwangju,0,0
192,2020-01-31,Daejeon,0,0
193,2020-01-31,Ulsan,0,0
194,2020-01-31,Sejong,0,0
195,2020-01-31,Gyeonggi-do,5,0
196,2020-01-31,Gangwon-do,0,0
197,2020-01-31,Chungcheongbuk-do,0,0
198,2020-01-31,Chungcheongnam-do,0,0
199,2020-01-31,Jeollabuk-do,1,0
200,2020-01-31,Jeollanam-do,0,0
201,2020-01-31,Gyeongsangbuk-do,0,0
202,2020-01-31,Gyeongsangnam-do,0,0
203,2020-01-31,Jeju-do,0,0
204,2020-02-01,Seoul,4,0
205,2020-02-01,Busan,0,0
206,2020-02-01,Daegu,0,0
207,2020-02-01,Incheon,1,0
208,2020-02-01,Gwangju,0,0
209,2020-02-01,Daejeon,0,0
210,2020-02-01,Ulsan,0,0
211,2020-02-01,Sejong,0,0
212,2020-02-01,Gyeonggi-do,6,0
213,2020-02-01,Gangwon-do,0,0
214,2020-02-01,Chungcheongbuk-do,0,0
215,2020-02-01,Chungcheongnam-do,0,0
216,2020-02-01,Jeollabuk-do,1,0
217,2020-02-01,Jeollanam-do,0,0
218,2020-02-01,Gyeongsangbuk-do,0,0
219,2020-02-01,Gyeongsangnam-do,0,0
220,2020-02-01,Jeju-do,0,0
221,2020-02-02,Seoul,5,0
222,2020-02-02,Busan,0,0
223,2020-02-02,Daegu,0,0
224,2020-02-02,Incheon,1,0
225,2020-02-02,Gwangju,0,0
226,2020-02-02,Daejeon,0,0
227,2020-02-02,Ulsan,0,0
228,2020-02-02,Sejong,0,0
229,2020-02-02,Gyeonggi-do,8,0
230,2020-02-02,Gangwon-do,0,0
231,2020-02-02,Chungcheongbuk-do,0,0
232,2020-02-02,Chungcheongnam-do,0,0
233,2020-02-02,Jeollabuk-do,1,0
234,2020-02-02,Jeollanam-do,0,0
235,2020-02-02,Gyeongsangbuk-do,0,0
236,2020-02-02,Gyeongsangnam-do,0,0
237,2020-02-02,Jeju-do,0,0
238,2020-02-03,Seoul,5,0
239,2020-02-03,Busan,0,0
240,2020-02-03,Daegu,0,0
241,2020-02-03,Incheon,1,0
242,2020-02-03,Gwangju,0,0
243,2020-02-03,Daejeon,0,0
244,2020-02-03,Ulsan,0,0
245,2020-02-03,Sejong,0,0
246,2020-02-03,Gyeonggi-do,8,0
247,2020-02-03,Gangwon-do,0,0
248,2020-02-03,Chungcheongbuk-do,0,0
249,2020-02-03,Chungcheongnam-do,0,0
250,2020-02-03,Jeollabuk-do,1,0
251,2020-02-03,Jeollanam-do,0,0
252,2020-02-03,Gyeongsangbuk-do,0,0
253,2020-02-03,Gyeongsangnam-do,0,0
254,2020-02-03,Jeju-do,0,0
255,2020-02-04,Seoul,5,0
256,2020-02-04,Busan,0,0
257,2020-02-04,Daegu,0,0
258,2020-02-04,Incheon,1,0
259,2020-02-04,Gwangju,1,0
260,2020-02-04,Daejeon,0,0
261,2020-02-04,Ulsan,0,0
262,2020-02-04,Sejong,0,0
263,2020-02-04,Gyeonggi-do,8,0
264,2020-02-04,Gangwon-do,0,0
265,2020-02-04,Chungcheongbuk-do,0,0
266,2020-02-04,Chungcheongnam-do,0,0
267,2020-02-04,Jeollabuk-do,1,0
268,2020-02-04,Jeollanam-do,0,0
269,2020-02-04,Gyeongsangbuk-do,0,0
270,2020-02-04,Gyeongsangnam-do,0,0
271,2020-02-04,Jeju-do,0,0
272,2020-02-05,Seoul,5,0
273,2020-02-05,Busan,0,0
274,2020-02-05,Daegu,0,0
275,2020-02-05,Incheon,1,0
276,2020-02-05,Gwangju,1,0
277,2020-02-05,Daejeon,0,0
278,2020-02-05,Ulsan,0,0
279,2020-02-05,Sejong,0,0
280,2020-02-05,Gyeonggi-do,10,0
281,2020-02-05,Gangwon-do,0,0
282,2020-02-05,Chungcheongbuk-do,0,0
283,2020-02-05,Chungcheongnam-do,0,0
284,2020-02-05,Jeollabuk-do,1,0
285,2020-02-05,Jeollanam-do,0,0
286,2020-02-05,Gyeongsangbuk-do,0,0
287,2020-02-05,Gyeongsangnam-do,0,0
288,2020-02-05,Jeju-do,0,0
289,2020-02-06,Seoul,10,0
290,2020-02-06,Busan,0,0
291,2020-02-06,Daegu,0,0
292,2020-02-06,Incheon,1,0
293,2020-02-06,Gwangju,1,0
294,2020-02-06,Daejeon,0,0
295,2020-02-06,Ulsan,0,0
296,2020-02-06,Sejong,0,0
297,2020-02-06,Gyeonggi-do,10,0
298,2020-02-06,Gangwon-do,0,0
299,2020-02-06,Chungcheongbuk-do,0,0
300,2020-02-06,Chungcheongnam-do,0,0
301,2020-02-06,Jeollabuk-do,1,0
302,2020-02-06,Jeollanam-do,0,0
303,2020-02-06,Gyeongsangbuk-do,0,0
304,2020-02-06,Gyeongsangnam-do,0,0
305,2020-02-06,Jeju-do,0,0
306,2020-02-07,Seoul,11,0
307,2020-02-07,Busan,0,0
308,2020-02-07,Daegu,0,0
309,2020-02-07,Incheon,1,0
310,2020-02-07,Gwangju,1,0
311,2020-02-07,Daejeon,0,0
312,2020-02-07,Ulsan,0,0
313,2020-02-07,Sejong,0,0
314,2020-02-07,Gyeonggi-do,10,0
315,2020-02-07,Gangwon-do,0,0
316,2020-02-07,Chungcheongbuk-do,0,0
317,2020-02-07,Chungcheongnam-do,0,0
318,2020-02-07,Jeollabuk-do,1,0
319,2020-02-07,Jeollanam-do,0,0
320,2020-02-07,Gyeongsangbuk-do,0,0
321,2020-02-07,Gyeongsangnam-do,0,0
322,2020-02-07,Jeju-do,0,0
323,2020-02-08,Seoul,11,0
324,2020-02-08,Busan,0,0
325,2020-02-08,Daegu,0,0
326,2020-02-08,Incheon,1,0
327,2020-02-08,Gwangju,1,0
328,2020-02-08,Daejeon,0,0
329,2020-02-08,Ulsan,0,0
330,2020-02-08,Sejong,0,0
331,2020-02-08,Gyeonggi-do,10,0
332,2020-02-08,Gangwon-do,0,0
333,2020-02-08,Chungcheongbuk-do,0,0
334,2020-02-08,Chungcheongnam-do,0,0
335,2020-02-08,Jeollabuk-do,1,0
336,2020-02-08,Jeollanam-do,0,0
337,2020-02-08,Gyeongsangbuk-do,0,0
338,2020-02-08,Gyeongsangnam-do,0,0
339,2020-02-08,Jeju-do,0,0
340,2020-02-09,Seoul,14,0
341,2020-02-09,Busan,0,0
342,2020-02-09,Daegu,0,0
343,2020-02-09,Incheon,1,0
344,2020-02-09,Gwangju,1,0
345,2020-02-09,Daejeon,0,0
346,2020-02-09,Ulsan,0,0
347,2020-02-09,Sejong,0,0
348,2020-02-09,Gyeonggi-do,10,0
349,2020-02-09,Gangwon-do,0,0
350,2020-02-09,Chungcheongbuk-do,0,0
351,2020-02-09,Chungcheongnam-do,0,0
352,2020-02-09,Jeollabuk-do,1,0
353,2020-02-09,Jeollanam-do,0,0
354,2020-02-09,Gyeongsangbuk-do,0,0
355,2020-02-09,Gyeongsangnam-do,0,0
356,2020-02-09,Jeju-do,0,0
357,2020-02-10,Seoul,14,0
358,2020-02-10,Busan,0,0
359,2020-02-10,Daegu,0,0
360,2020-02-10,Incheon,1,0
361,2020-02-10,Gwangju,1,0
362,2020-02-10,Daejeon,0,0
363,2020-02-10,Ulsan,0,0
364,2020-02-10,Sejong,0,0
365,2020-02-10,Gyeonggi-do,10,0
366,2020-02-10,Gangwon-do,0,0
367,2020-02-10,Chungcheongbuk-do,0,0
368,2020-02-10,Chungcheongnam-do,0,0
369,2020-02-10,Jeollabuk-do,1,0
370,2020-02-10,Jeollanam-do,0,0
371,2020-02-10,Gyeongsangbuk-do,0,0
372,2020-02-10,Gyeongsangnam-do,0,0
373,2020-02-10,Jeju-do,0,0
374,2020-02-11,Seoul,14,0
375,2020-02-11,Busan,0,0
376,2020-02-11,Daegu,0,0
377,2020-02-11,Incheon,1,0
378,2020-02-11,Gwangju,1,0
379,2020-02-11,Daejeon,0,0
380,2020-02-11,Ulsan,0,0
381,2020-02-11,Sejong,0,0
382,2020-02-11,Gyeonggi-do,12,0
383,2020-02-11,Gangwon-do,0,0
384,2020-02-11,Chungcheongbuk-do,0,0
385,2020-02-11,Chungcheongnam-do,0,0
386,2020-02-11,Jeollabuk-do,1,0
387,2020-02-11,Jeollanam-do,0,0
388,2020-02-11,Gyeongsangbuk-do,0,0
389,2020-02-11,Gyeongsangnam-do,0,0
390,2020-02-11,Jeju-do,0,0
391,2020-02-12,Seoul,14,0
392,2020-02-12,Busan,0,0
393,2020-02-12,Daegu,0,0
394,2020-02-12,Incheon,1,0
395,2020-02-12,Gwangju,1,0
396,2020-02-12,Daejeon,0,0
397,2020-02-12,Ulsan,0,0
398,2020-02-12,Sejong,0,0
399,2020-02-12,Gyeonggi-do,12,0
400,2020-02-12,Gangwon-do,0,0
401,2020-02-12,Chungcheongbuk-do,0,0
402,2020-02-12,Chungcheongnam-do,0,0
403,2020-02-12,Jeollabuk-do,1,0
404,2020-02-12,Jeollanam-do,0,0
405,2020-02-12,Gyeongsangbuk-do,0,0
406,2020-02-12,Gyeongsangnam-do,0,0
407,2020-02-12,Jeju-do,0,0
408,2020-02-13,Seoul,14,0
409,2020-02-13,Busan,0,0
410,2020-02-13,Daegu,0,0
411,2020-02-13,Incheon,1,0
412,2020-02-13,Gwangju,1,0
413,2020-02-13,Daejeon,0,0
414,2020-02-13,Ulsan,0,0
415,2020-02-13,Sejong,0,0
416,2020-02-13,Gyeonggi-do,12,0
417,2020-02-13,Gangwon-do,0,0
418,2020-02-13,Chungcheongbuk-do,0,0
419,2020-02-13,Chungcheongnam-do,0,0
420,2020-02-13,Jeollabuk-do,1,0
421,2020-02-13,Jeollanam-do,0,0
422,2020-02-13,Gyeongsangbuk-do,0,0
423,2020-02-13,Gyeongsangnam-do,0,0
424,2020-02-13,Jeju-do,0,0
425,2020-02-14,Seoul,14,0
426,2020-02-14,Busan,0,0
427,2020-02-14,Daegu,0,0
428,2020-02-14,Incheon,1,0
429,2020-02-14,Gwangju,1,0
430,2020-02-14,Daejeon,0,0
431,2020-02-14,Ulsan,0,0
432,2020-02-14,Sejong,0,0
433,2020-02-14,Gyeonggi-do,12,0
434,2020-02-14,Gangwon-do,0,0
435,2020-02-14,Chungcheongbuk-do,0,0
436,2020-02-14,Chungcheongnam-do,0,0
437,2020-02-14,Jeollabuk-do,1,0
438,2020-02-14,Jeollanam-do,0,0
439,2020-02-14,Gyeongsangbuk-do,0,0
440,2020-02-14,Gyeongsangnam-do,0,0
441,2020-02-14,Jeju-do,0,0
442,2020-02-15,Seoul,14,0
443,2020-02-15,Busan,0,0
444,2020-02-15,Daegu,0,0
445,2020-02-15,Incheon,1,0
446,2020-02-15,Gwangju,1,0
447,2020-02-15,Daejeon,0,0
448,2020-02-15,Ulsan,0,0
449,2020-02-15,Sejong,0,0
450,2020-02-15,Gyeonggi-do,12,0
451,2020-02-15,Gangwon-do,0,0
452,2020-02-15,Chungcheongbuk-do,0,0
453,2020-02-15,Chungcheongnam-do,0,0
454,2020-02-15,Jeollabuk-do,1,0
455,2020-02-15,Jeollanam-do,0,0
456,2020-02-15,Gyeongsangbuk-do,0,0
457,2020-02-15,Gyeongsangnam-do,0,0
458,2020-02-15,Jeju-do,0,0
459,2020-02-16,Seoul,14,0
460,2020-02-16,Busan,0,0
461,2020-02-16,Daegu,0,0
462,2020-02-16,Incheon,1,0
463,2020-02-16,Gwangju,1,0
464,2020-02-16,Daejeon,0,0
465,2020-02-16,Ulsan,0,0
466,2020-02-16,Sejong,0,0
467,2020-02-16,Gyeonggi-do,12,0
468,2020-02-16,Gangwon-do,0,0
469,2020-02-16,Chungcheongbuk-do,0,0
470,2020-02-16,Chungcheongnam-do,0,0
471,2020-02-16,Jeollabuk-do,1,0
472,2020-02-16,Jeollanam-do,0,0
473,2020-02-16,Gyeongsangbuk-do,0,0
474,2020-02-16,Gyeongsangnam-do,0,0
475,2020-02-16,Jeju-do,0,0
476,2020-02-17,Seoul,14,0
477,2020-02-17,Busan,0,0
478,2020-02-17,Daegu,0,0
479,2020-02-17,Incheon,1,0
480,2020-02-17,Gwangju,1,0
481,2020-02-17,Daejeon,0,0
482,2020-02-17,Ulsan,0,0
483,2020-02-17,Sejong,0,0
484,2020-02-17,Gyeonggi-do,12,0
485,2020-02-17,Gangwon-do,0,0
486,2020-02-17,Chungcheongbuk-do,0,0
487,2020-02-17,Chungcheongnam-do,0,0
488,2020-02-17,Jeollabuk-do,1,0
489,2020-02-17,Jeollanam-do,0,0
490,2020-02-17,Gyeongsangbuk-do,0,0
491,2020-02-17,Gyeongsangnam-do,0,0
492,2020-02-17,Jeju-do,0,0
493,2020-02-18,Seoul,14,0
494,2020-02-18,Busan,0,0
495,2020-02-18,Daegu,1,0
496,2020-02-18,Incheon,1,0
497,2020-02-18,Gwangju,1,0
498,2020-02-18,Daejeon,0,0
499,2020-02-18,Ulsan,0,0
500,2020-02-18,Sejong,0,0
501,2020-02-18,Gyeonggi-do,12,0
502,2020-02-18,Gangwon-do,0,0
503,2020-02-18,Chungcheongbuk-do,0,0
504,2020-02-18,Chungcheongnam-do,0,0
505,2020-02-18,Jeollabuk-do,1,0
506,2020-02-18,Jeollanam-do,0,0
507,2020-02-18,Gyeongsangbuk-do,0,0
508,2020-02-18,Gyeongsangnam-do,0,0
509,2020-02-18,Jeju-do,0,0
510,2020-02-19,Seoul,20,0
511,2020-02-19,Busan,0,0
512,2020-02-19,Daegu,11,0
513,2020-02-19,Incheon,2,0
514,2020-02-19,Gwangju,1,0
515,2020-02-19,Daejeon,0,0
516,2020-02-19,Ulsan,0,0
517,2020-02-19,Sejong,0,0
518,2020-02-19,Gyeonggi-do,12,0
519,2020-02-19,Gangwon-do,0,0
520,2020-02-19,Chungcheongbuk-do,0,0
521,2020-02-19,Chungcheongnam-do,0,0
522,2020-02-19,Jeollabuk-do,1,0
523,2020-02-19,Jeollanam-do,0,0
524,2020-02-19,Gyeongsangbuk-do,2,0
525,2020-02-19,Gyeongsangnam-do,3,0
526,2020-02-19,Jeju-do,0,0
527,2020-02-20,Seoul,22,0
528,2020-02-20,Busan,8,0
529,2020-02-20,Daegu,30,0
530,2020-02-20,Incheon,2,0
531,2020-02-20,Gwangju,1,0
532,2020-02-20,Daejeon,0,0
533,2020-02-20,Ulsan,0,0
534,2020-02-20,Sejong,0,0
535,2020-02-20,Gyeonggi-do,12,0
536,2020-02-20,Gangwon-do,0,0
537,2020-02-20,Chungcheongbuk-do,0,0
538,2020-02-20,Chungcheongnam-do,0,0
539,2020-02-20,Jeollabuk-do,1,0
540,2020-02-20,Jeollanam-do,0,0
541,2020-02-20,Gyeongsangbuk-do,25,1
542,2020-02-20,Gyeongsangnam-do,3,0
543,2020-02-20,Jeju-do,0,0
544,2020-02-21,Seoul,27,0
545,2020-02-21,Busan,8,0
546,2020-02-21,Daegu,110,0
547,2020-02-21,Incheon,2,0
548,2020-02-21,Gwangju,3,0
549,2020-02-21,Daejeon,0,0
550,2020-02-21,Ulsan,0,0
551,2020-02-21,Sejong,0,0
552,2020-02-21,Gyeonggi-do,14,0
553,2020-02-21,Gangwon-do,0,0
554,2020-02-21,Chungcheongbuk-do,1,0
555,2020-02-21,Chungcheongnam-do,1,0
556,2020-02-21,Jeollabuk-do,2,0
557,2020-02-21,Jeollanam-do,0,0
558,2020-02-21,Gyeongsangbuk-do,28,1
559,2020-02-21,Gyeongsangnam-do,7,0
560,2020-02-21,Jeju-do,1,0
561,2020-02-22,Seoul,30,0
562,2020-02-22,Busan,11,0
563,2020-02-22,Daegu,193,0
564,2020-02-22,Incheon,2,0
565,2020-02-22,Gwangju,6,0
566,2020-02-22,Daejeon,2,0
567,2020-02-22,Ulsan,1,0
568,2020-02-22,Sejong,1,0
569,2020-02-22,Gyeonggi-do,20,0
570,2020-02-22,Gangwon-do,6,0
571,2020-02-22,Chungcheongbuk-do,3,0
572,2020-02-22,Chungcheongnam-do,1,0
573,2020-02-22,Jeollabuk-do,3,0
574,2020-02-22,Jeollanam-do,1,0
575,2020-02-22,Gyeongsangbuk-do,145,3
576,2020-02-22,Gyeongsangnam-do,7,0
577,2020-02-22,Jeju-do,1,0
578,2020-02-23,Seoul,31,0
579,2020-02-23,Busan,19,0
580,2020-02-23,Daegu,310,1
581,2020-02-23,Incheon,2,0
582,2020-02-23,Gwangju,8,0
583,2020-02-23,Daejeon,3,0
584,2020-02-23,Ulsan,1,0
585,2020-02-23,Sejong,1,0
586,2020-02-23,Gyeonggi-do,24,0
587,2020-02-23,Gangwon-do,6,0
588,2020-02-23,Chungcheongbuk-do,3,0
589,2020-02-23,Chungcheongnam-do,1,0
590,2020-02-23,Jeollabuk-do,3,0
591,2020-02-23,Jeollanam-do,1,0
592,2020-02-23,Gyeongsangbuk-do,170,3
593,2020-02-23,Gyeongsangnam-do,17,0
594,2020-02-23,Jeju-do,2,0
595,2020-02-24,Seoul,35,0
596,2020-02-24,Busan,34,0
597,2020-02-24,Daegu,483,2
598,2020-02-24,Incheon,2,0
599,2020-02-24,Gwangju,9,0
600,2020-02-24,Daejeon,3,0
601,2020-02-24,Ulsan,2,0
602,2020-02-24,Sejong,1,0
603,2020-02-24,Gyeonggi-do,35,0
604,2020-02-24,Gangwon-do,6,0
605,2020-02-24,Chungcheongbuk-do,3,0
606,2020-02-24,Chungcheongnam-do,1,0
607,2020-02-24,Jeollabuk-do,3,0
608,2020-02-24,Jeollanam-do,1,0
609,2020-02-24,Gyeongsangbuk-do,193,6
610,2020-02-24,Gyeongsangnam-do,20,0
611,2020-02-24,Jeju-do,2,0
612,2020-02-25,Seoul,41,0
613,2020-02-25,Busan,42,0
614,2020-02-25,Daegu,543,6
615,2020-02-25,Incheon,2,0
616,2020-02-25,Gwangju,9,0
617,2020-02-25,Daejeon,3,0
618,2020-02-25,Ulsan,3,0
619,2020-02-25,Sejong,1,0
620,2020-02-25,Gyeonggi-do,42,0
621,2020-02-25,Gangwon-do,6,0
622,2020-02-25,Chungcheongbuk-do,5,0
623,2020-02-25,Chungcheongnam-do,2,0
624,2020-02-25,Jeollabuk-do,3,0
625,2020-02-25,Jeollanam-do,1,0
626,2020-02-25,Gyeongsangbuk-do,249,6
627,2020-02-25,Gyeongsangnam-do,23,0
628,2020-02-25,Jeju-do,2,0
629,2020-02-26,Seoul,49,0
630,2020-02-26,Busan,58,0
631,2020-02-26,Daegu,710,6
632,2020-02-26,Incheon,3,0
633,2020-02-26,Gwangju,9,0
634,2020-02-26,Daejeon,5,0
635,2020-02-26,Ulsan,4,0
636,2020-02-26,Sejong,1,0
637,2020-02-26,Gyeonggi-do,51,1
638,2020-02-26,Gangwon-do,6,0
639,2020-02-26,Chungcheongbuk-do,5,0
640,2020-02-26,Chungcheongnam-do,3,0
641,2020-02-26,Jeollabuk-do,3,0
642,2020-02-26,Jeollanam-do,1,0
643,2020-02-26,Gyeongsangbuk-do,317,6
644,2020-02-26,Gyeongsangnam-do,34,0
645,2020-02-26,Jeju-do,2,0
646,2020-02-27,Seoul,56,0
647,2020-02-27,Busan,61,0
648,2020-02-27,Daegu,1132,6
649,2020-02-27,Incheon,3,0
650,2020-02-27,Gwangju,9,0
651,2020-02-27,Daejeon,9,0
652,2020-02-27,Ulsan,11,0
653,2020-02-27,Sejong,1,0
654,2020-02-27,Gyeonggi-do,62,1
655,2020-02-27,Gangwon-do,6,0
656,2020-02-27,Chungcheongbuk-do,8,0
657,2020-02-27,Chungcheongnam-do,12,0
658,2020-02-27,Jeollabuk-do,5,0
659,2020-02-27,Jeollanam-do,1,0
660,2020-02-27,Gyeongsangbuk-do,345,6
661,2020-02-27,Gyeongsangnam-do,43,0
662,2020-02-27,Jeju-do,2,0
663,2020-02-28,Seoul,62,0
664,2020-02-28,Busan,65,0
665,2020-02-28,Daegu,1580,6
666,2020-02-28,Incheon,4,0
667,2020-02-28,Gwangju,9,0
668,2020-02-28,Daejeon,13,0
669,2020-02-28,Ulsan,14,0
670,2020-02-28,Sejong,1,0
671,2020-02-28,Gyeonggi-do,72,1
672,2020-02-28,Gangwon-do,7,0
673,2020-02-28,Chungcheongbuk-do,9,0
674,2020-02-28,Chungcheongnam-do,35,0
675,2020-02-28,Jeollabuk-do,5,0
676,2020-02-28,Jeollanam-do,1,0
677,2020-02-28,Gyeongsangbuk-do,409,6
678,2020-02-28,Gyeongsangnam-do,49,0
679,2020-02-28,Jeju-do,2,0
680,2020-02-29,Seoul,77,0
681,2020-02-29,Busan,80,0
682,2020-02-29,Daegu,2236,10
683,2020-02-29,Incheon,6,0
684,2020-02-29,Gwangju,9,0
685,2020-02-29,Daejeon,13,0
686,2020-02-29,Ulsan,17,0
687,2020-02-29,Sejong,1,0
688,2020-02-29,Gyeonggi-do,82,1
689,2020-02-29,Gangwon-do,7,0
690,2020-02-29,Chungcheongbuk-do,10,0
691,2020-02-29,Chungcheongnam-do,55,0
692,2020-02-29,Jeollabuk-do,5,0
693,2020-02-29,Jeollanam-do,3,0
694,2020-02-29,Gyeongsangbuk-do,488,6
695,2020-02-29,Gyeongsangnam-do,59,0
696,2020-02-29,Jeju-do,2,0
697,2020-03-01,Seoul,87,0
698,2020-03-01,Busan,83,0
699,2020-03-01,Daegu,2704,11
700,2020-03-01,Incheon,6,0
701,2020-03-01,Gwangju,9,0
702,2020-03-01,Daejeon,13,0
703,2020-03-01,Ulsan,20,0
704,2020-03-01,Sejong,1,0
705,2020-03-01,Gyeonggi-do,89,1
706,2020-03-01,Gangwon-do,15,0
707,2020-03-01,Chungcheongbuk-do,11,0
708,2020-03-01,Chungcheongnam-do,68,0
709,2020-03-01,Jeollabuk-do,6,0
710,2020-03-01,Jeollanam-do,3,0
711,2020-03-01,Gyeongsangbuk-do,556,6
712,2020-03-01,Gyeongsangnam-do,63,0
713,2020-03-01,Jeju-do,2,0
714,2020-03-02,Seoul,91,0
715,2020-03-02,Busan,88,0
716,2020-03-02,Daegu,3081,15
717,2020-03-02,Incheon,7,0
718,2020-03-02,Gwangju,9,0
719,2020-03-02,Daejeon,14,0
720,2020-03-02,Ulsan,20,0
721,2020-03-02,Sejong,1,0
722,2020-03-02,Gyeonggi-do,92,1
723,2020-03-02,Gangwon-do,19,0
724,2020-03-02,Chungcheongbuk-do,11,0
725,2020-03-02,Chungcheongnam-do,78,0
726,2020-03-02,Jeollabuk-do,6,0
727,2020-03-02,Jeollanam-do,5,0
728,2020-03-02,Gyeongsangbuk-do,624,6
729,2020-03-02,Gyeongsangnam-do,64,0
730,2020-03-02,Jeju-do,2,0
731,2020-03-03,Seoul,98,0
732,2020-03-03,Busan,90,0
733,2020-03-03,Daegu,3601,21
734,2020-03-03,Incheon,7,0
735,2020-03-03,Gwangju,11,0
736,2020-03-03,Daejeon,14,0
737,2020-03-03,Ulsan,20,0
738,2020-03-03,Sejong,1,0
739,2020-03-03,Gyeonggi-do,94,1
740,2020-03-03,Gangwon-do,20,0
741,2020-03-03,Chungcheongbuk-do,11,0
742,2020-03-03,Chungcheongnam-do,81,0
743,2020-03-03,Jeollabuk-do,7,0
744,2020-03-03,Jeollanam-do,5,0
745,2020-03-03,Gyeongsangbuk-do,685,6
746,2020-03-03,Gyeongsangnam-do,64,0
747,2020-03-03,Jeju-do,3,0
748,2020-03-04,Seoul,99,0
749,2020-03-04,Busan,92,0
750,2020-03-04,Daegu,4007,25
751,2020-03-04,Incheon,9,0
752,2020-03-04,Gwangju,13,0
753,2020-03-04,Daejeon,15,0
754,2020-03-04,Ulsan,23,0
755,2020-03-04,Sejong,1,0
756,2020-03-04,Gyeonggi-do,101,1
757,2020-03-04,Gangwon-do,21,0
758,2020-03-04,Chungcheongbuk-do,11,0
759,2020-03-04,Chungcheongnam-do,82,0
760,2020-03-04,Jeollabuk-do,7,0
761,2020-03-04,Jeollanam-do,4,0
762,2020-03-04,Gyeongsangbuk-do,774,6
763,2020-03-04,Gyeongsangnam-do,65,0
764,2020-03-04,Jeju-do,3,0
765,2020-03-05,Seoul,103,0
766,2020-03-05,Busan,92,0
767,2020-03-05,Daegu,4328,27
768,2020-03-05,Incheon,9,0
769,2020-03-05,Gwangju,13,0
770,2020-03-05,Daejeon,16,0
771,2020-03-05,Ulsan,23,0
772,2020-03-05,Sejong,1,0
773,2020-03-05,Gyeonggi-do,110,1
774,2020-03-05,Gangwon-do,23,0
775,2020-03-05,Chungcheongbuk-do,12,0
776,2020-03-05,Chungcheongnam-do,86,0
777,2020-03-05,Jeollabuk-do,7,0
778,2020-03-05,Jeollanam-do,4,0
779,2020-03-05,Gyeongsangbuk-do,861,6
780,2020-03-05,Gyeongsangnam-do,74,0
781,2020-03-05,Jeju-do,4,0
782,2020-03-06,Seoul,105,0
783,2020-03-06,Busan,95,0
784,2020-03-06,Daegu,4694,30
785,2020-03-06,Incheon,9,0
786,2020-03-06,Gwangju,13,0
787,2020-03-06,Daejeon,18,0
788,2020-03-06,Ulsan,23,0
789,2020-03-06,Sejong,1,0
790,2020-03-06,Gyeonggi-do,120,1
791,2020-03-06,Gangwon-do,25,0
792,2020-03-06,Chungcheongbuk-do,15,0
793,2020-03-06,Chungcheongnam-do,90,0
794,2020-03-06,Jeollabuk-do,7,0
795,2020-03-06,Jeollanam-do,4,0
796,2020-03-06,Gyeongsangbuk-do,984,10
797,2020-03-06,Gyeongsangnam-do,77,0
798,2020-03-06,Jeju-do,4,0
799,2020-03-07,Seoul,108,0
800,2020-03-07,Busan,96,0
801,2020-03-07,Daegu,5084,31
802,2020-03-07,Incheon,9,0
803,2020-03-07,Gwangju,13,0
804,2020-03-07,Daejeon,18,0
805,2020-03-07,Ulsan,23,0
806,2020-03-07,Sejong,2,0
807,2020-03-07,Gyeonggi-do,130,1
808,2020-03-07,Gangwon-do,26,1
809,2020-03-07,Chungcheongbuk-do,20,0
810,2020-03-07,Chungcheongnam-do,92,0
811,2020-03-07,Jeollabuk-do,7,0
812,2020-03-07,Jeollanam-do,4,0
813,2020-03-07,Gyeongsangbuk-do,1049,10
814,2020-03-07,Gyeongsangnam-do,82,0
815,2020-03-07,Jeju-do,4,0
816,2020-03-08,Seoul,120,0
817,2020-03-08,Busan,96,0
818,2020-03-08,Daegu,5381,35
819,2020-03-08,Incheon,9,0
820,2020-03-08,Gwangju,13,0
821,2020-03-08,Daejeon,18,0
822,2020-03-08,Ulsan,24,0
823,2020-03-08,Sejong,3,0
824,2020-03-08,Gyeonggi-do,141,1
825,2020-03-08,Gangwon-do,27,1
826,2020-03-08,Chungcheongbuk-do,24,0
827,2020-03-08,Chungcheongnam-do,98,0
828,2020-03-08,Jeollabuk-do,7,0
829,2020-03-08,Jeollanam-do,4,0
830,2020-03-08,Gyeongsangbuk-do,1082,13
831,2020-03-08,Gyeongsangnam-do,83,0
832,2020-03-08,Jeju-do,4,0
833,2020-03-09,Seoul,130,0
834,2020-03-09,Busan,96,0
835,2020-03-09,Daegu,5571,35
836,2020-03-09,Incheon,9,0
837,2020-03-09,Gwangju,15,0
838,2020-03-09,Daejeon,18,0
839,2020-03-09,Ulsan,24,0
840,2020-03-09,Sejong,6,0
841,2020-03-09,Gyeonggi-do,153,1
842,2020-03-09,Gangwon-do,28,1
843,2020-03-09,Chungcheongbuk-do,25,0
844,2020-03-09,Chungcheongnam-do,102,0
845,2020-03-09,Jeollabuk-do,7,0
846,2020-03-09,Jeollanam-do,4,0
847,2020-03-09,Gyeongsangbuk-do,1107,14
848,2020-03-09,Gyeongsangnam-do,83,0
849,2020-03-09,Jeju-do,4,0
850,2020-03-10,Seoul,141,0
851,2020-03-10,Busan,96,0
852,2020-03-10,Daegu,5663,38
853,2020-03-10,Incheon,13,0
854,2020-03-10,Gwangju,15,0
855,2020-03-10,Daejeon,18,0
856,2020-03-10,Ulsan,24,0
857,2020-03-10,Sejong,8,0
858,2020-03-10,Gyeonggi-do,163,1
859,2020-03-10,Gangwon-do,28,1
860,2020-03-10,Chungcheongbuk-do,25,0
861,2020-03-10,Chungcheongnam-do,104,0
862,2020-03-10,Jeollabuk-do,7,0
863,2020-03-10,Jeollanam-do,4,0
864,2020-03-10,Gyeongsangbuk-do,1117,14
865,2020-03-10,Gyeongsangnam-do,83,0
866,2020-03-10,Jeju-do,4,0
867,2020-03-11,Seoul,193,0
868,2020-03-11,Busan,98,0
869,2020-03-11,Daegu,5794,44
870,2020-03-11,Incheon,25,0
871,2020-03-11,Gwangju,15,0
872,2020-03-11,Daejeon,18,0
873,2020-03-11,Ulsan,25,0
874,2020-03-11,Sejong,10,0
875,2020-03-11,Gyeonggi-do,175,1
876,2020-03-11,Gangwon-do,29,1
877,2020-03-11,Chungcheongbuk-do,27,0
878,2020-03-11,Chungcheongnam-do,112,0
879,2020-03-11,Jeollabuk-do,7,0
880,2020-03-11,Jeollanam-do,4,0
881,2020-03-11,Gyeongsangbuk-do,1135,14
882,2020-03-11,Gyeongsangnam-do,84,0
883,2020-03-11,Jeju-do,4,0
884,2020-03-12,Seoul,212,0
885,2020-03-12,Busan,99,0
886,2020-03-12,Daegu,5867,48
887,2020-03-12,Incheon,25,0
888,2020-03-12,Gwangju,15,0
889,2020-03-12,Daejeon,20,0
890,2020-03-12,Ulsan,25,0
891,2020-03-12,Sejong,15,0
892,2020-03-12,Gyeonggi-do,178,1
893,2020-03-12,Gangwon-do,29,1
894,2020-03-12,Chungcheongbuk-do,27,0
895,2020-03-12,Chungcheongnam-do,114,0
896,2020-03-12,Jeollabuk-do,7,0
897,2020-03-12,Jeollanam-do,4,0
898,2020-03-12,Gyeongsangbuk-do,1143,16
899,2020-03-12,Gyeongsangnam-do,85,0
900,2020-03-12,Jeju-do,4,0
901,2020-03-13,Seoul,225,0
902,2020-03-13,Busan,100,0
903,2020-03-13,Daegu,5928,48
904,2020-03-13,Incheon,27,0
905,2020-03-13,Gwangju,15,0
906,2020-03-13,Daejeon,22,0
907,2020-03-13,Ulsan,27,0
908,2020-03-13,Sejong,32,0
909,2020-03-13,Gyeonggi-do,185,2
910,2020-03-13,Gangwon-do,29,1
911,2020-03-13,Chungcheongbuk-do,27,0
912,2020-03-13,Chungcheongnam-do,115,0
913,2020-03-13,Jeollabuk-do,7,0
914,2020-03-13,Jeollanam-do,4,0
915,2020-03-13,Gyeongsangbuk-do,1147,16
916,2020-03-13,Gyeongsangnam-do,85,0
917,2020-03-13,Jeju-do,4,0
918,2020-03-14,Seoul,238,0
919,2020-03-14,Busan,103,0
920,2020-03-14,Daegu,5990,51
921,2020-03-14,Incheon,28,0
922,2020-03-14,Gwangju,15,0
923,2020-03-14,Daejeon,22,0
924,2020-03-14,Ulsan,27,0
925,2020-03-14,Sejong,38,0
926,2020-03-14,Gyeonggi-do,200,3
927,2020-03-14,Gangwon-do,29,1
928,2020-03-14,Chungcheongbuk-do,28,0
929,2020-03-14,Chungcheongnam-do,115,0
930,2020-03-14,Jeollabuk-do,7,0
931,2020-03-14,Jeollanam-do,4,0
932,2020-03-14,Gyeongsangbuk-do,1153,17
933,2020-03-14,Gyeongsangnam-do,85,0
934,2020-03-14,Jeju-do,4,0
935,2020-03-15,Seoul,247,0
936,2020-03-15,Busan,106,1
937,2020-03-15,Daegu,6031,53
938,2020-03-15,Incheon,30,0
939,2020-03-15,Gwangju,16,0
940,2020-03-15,Daejeon,22,0
941,2020-03-15,Ulsan,28,0
942,2020-03-15,Sejong,39,0
943,2020-03-15,Gyeonggi-do,211,3
944,2020-03-15,Gangwon-do,29,1
945,2020-03-15,Chungcheongbuk-do,31,0
946,2020-03-15,Chungcheongnam-do,115,0
947,2020-03-15,Jeollabuk-do,7,0
948,2020-03-15,Jeollanam-do,4,0
949,2020-03-15,Gyeongsangbuk-do,1157,17
950,2020-03-15,Gyeongsangnam-do,85,0
951,2020-03-15,Jeju-do,4,0
952,2020-03-16,Seoul,253,0
953,2020-03-16,Busan,107,1
954,2020-03-16,Daegu,6066,53
955,2020-03-16,Incheon,30,0
956,2020-03-16,Gwangju,16,0
957,2020-03-16,Daejeon,22,0
958,2020-03-16,Ulsan,28,0
959,2020-03-16,Sejong,40,0
960,2020-03-16,Gyeonggi-do,231,3
961,2020-03-16,Gangwon-do,29,1
962,2020-03-16,Chungcheongbuk-do,31,0
963,2020-03-16,Chungcheongnam-do,115,0
964,2020-03-16,Jeollabuk-do,7,0
965,2020-03-16,Jeollanam-do,4,0
966,2020-03-16,Gyeongsangbuk-do,1164,17
967,2020-03-16,Gyeongsangnam-do,85,0
968,2020-03-16,Jeju-do,4,0
969,2020-03-17,Seoul,265,0
970,2020-03-17,Busan,107,1
971,2020-03-17,Daegu,6098,57
972,2020-03-17,Incheon,31,0
973,2020-03-17,Gwangju,16,0
974,2020-03-17,Daejeon,22,0
975,2020-03-17,Ulsan,28,0
976,2020-03-17,Sejong,40,0
977,2020-03-17,Gyeonggi-do,262,3
978,2020-03-17,Gangwon-do,29,1
979,2020-03-17,Chungcheongbuk-do,31,0
980,2020-03-17,Chungcheongnam-do,115,0
981,2020-03-17,Jeollabuk-do,7,0
982,2020-03-17,Jeollanam-do,4,0
983,2020-03-17,Gyeongsangbuk-do,1169,19
984,2020-03-17,Gyeongsangnam-do,86,0
985,2020-03-17,Jeju-do,4,0
986,2020-03-18,Seoul,270,0
987,2020-03-18,Busan,107,1
988,2020-03-18,Daegu,6144,58
989,2020-03-18,Incheon,32,0
990,2020-03-18,Gwangju,17,0
991,2020-03-18,Daejeon,22,0
992,2020-03-18,Ulsan,30,0
993,2020-03-18,Sejong,41,0
994,2020-03-18,Gyeonggi-do,277,3
995,2020-03-18,Gangwon-do,30,1
996,2020-03-18,Chungcheongbuk-do,32,0
997,2020-03-18,Chungcheongnam-do,118,0
998,2020-03-18,Jeollabuk-do,9,0
999,2020-03-18,Jeollanam-do,5,0
1000,2020-03-18,Gyeongsangbuk-do,1178,21
1001,2020-03-18,Gyeongsangnam-do,86,0
1002,2020-03-18,Jeju-do,4,0
1003,2020-03-19,Seoul,282,0
1004,2020-03-19,Busan,107,1
1005,2020-03-19,Daegu,6241,65
1006,2020-03-19,Incheon,32,0
1007,2020-03-19,Gwangju,17,0
1008,2020-03-19,Daejeon,22,0
1009,2020-03-19,Ulsan,36,0
1010,2020-03-19,Sejong,41,0
1011,2020-03-19,Gyeonggi-do,295,3
1012,2020-03-19,Gangwon-do,30,1
1013,2020-03-19,Chungcheongbuk-do,33,0
1014,2020-03-19,Chungcheongnam-do,118,0
1015,2020-03-19,Jeollabuk-do,10,0
1016,2020-03-19,Jeollanam-do,5,0
1017,2020-03-19,Gyeongsangbuk-do,1190,21
1018,2020-03-19,Gyeongsangnam-do,86,0
1019,2020-03-19,Jeju-do,4,0
1020,2020-03-20,Seoul,299,0
1021,2020-03-20,Busan,108,1
1022,2020-03-20,Daegu,6275,67
1023,2020-03-20,Incheon,36,0
1024,2020-03-20,Gwangju,18,0
1025,2020-03-20,Daejeon,22,0
1026,2020-03-20,Ulsan,36,0
1027,2020-03-20,Sejong,41,0
1028,2020-03-20,Gyeonggi-do,309,3
1029,2020-03-20,Gangwon-do,30,1
1030,2020-03-20,Chungcheongbuk-do,33,0
1031,2020-03-20,Chungcheongnam-do,119,0
1032,2020-03-20,Jeollabuk-do,10,0
1033,2020-03-20,Jeollanam-do,5,0
1034,2020-03-20,Gyeongsangbuk-do,1203,22
1035,2020-03-20,Gyeongsangnam-do,87,0
1036,2020-03-20,Jeju-do,4,0
1037,2020-03-21,Seoul,314,0
1038,2020-03-21,Busan,108,1
1039,2020-03-21,Daegu,6344,73
1040,2020-03-21,Incheon,40,0
1041,2020-03-21,Gwangju,18,0
1042,2020-03-21,Daejeon,22,0
1043,2020-03-21,Ulsan,36,0
1044,2020-03-21,Sejong,41,0
1045,2020-03-21,Gyeonggi-do,321,3
1046,2020-03-21,Gangwon-do,30,1
1047,2020-03-21,Chungcheongbuk-do,34,0
1048,2020-03-21,Chungcheongnam-do,119,0
1049,2020-03-21,Jeollabuk-do,10,0
1050,2020-03-21,Jeollanam-do,5,0
1051,2020-03-21,Gyeongsangbuk-do,1243,24
1052,2020-03-21,Gyeongsangnam-do,87,0
1053,2020-03-21,Jeju-do,4,0
1054,2020-03-22,Seoul,324,0
1055,2020-03-22,Busan,108,1
1056,2020-03-22,Daegu,6387,75
1057,2020-03-22,Incheon,40,0
1058,2020-03-22,Gwangju,19,0
1059,2020-03-22,Daejeon,24,0
1060,2020-03-22,Ulsan,36,0
1061,2020-03-22,Sejong,41,0
1062,2020-03-22,Gyeonggi-do,337,3
1063,2020-03-22,Gangwon-do,30,1
1064,2020-03-22,Chungcheongbuk-do,35,0
1065,2020-03-22,Chungcheongnam-do,120,0
1066,2020-03-22,Jeollabuk-do,10,0
1067,2020-03-22,Jeollanam-do,6,0
1068,2020-03-22,Gyeongsangbuk-do,1254,24
1069,2020-03-22,Gyeongsangnam-do,88,0
1070,2020-03-22,Jeju-do,4,0
1071,2020-03-23,Seoul,330,0
1072,2020-03-23,Busan,109,1
1073,2020-03-23,Daegu,6411,82
1074,2020-03-23,Incheon,40,0
1075,2020-03-23,Gwangju,19,0
1076,2020-03-23,Daejeon,24,0
1077,2020-03-23,Ulsan,36,0
1078,2020-03-23,Sejong,42,0
1079,2020-03-23,Gyeonggi-do,351,3
1080,2020-03-23,Gangwon-do,30,1
1081,2020-03-23,Chungcheongbuk-do,37,0
1082,2020-03-23,Chungcheongnam-do,120,0
1083,2020-03-23,Jeollabuk-do,10,0
1084,2020-03-23,Jeollanam-do,6,0
1085,2020-03-23,Gyeongsangbuk-do,1256,24
1086,2020-03-23,Gyeongsangnam-do,89,0
1087,2020-03-23,Jeju-do,4,0
1088,2020-03-24,Seoul,334,0
1089,2020-03-24,Busan,111,1
1090,2020-03-24,Daegu,6442,88
1091,2020-03-24,Incheon,41,0
1092,2020-03-24,Gwangju,19,0
1093,2020-03-24,Daejeon,24,0
1094,2020-03-24,Ulsan,36,0
1095,2020-03-24,Sejong,42,0
1096,2020-03-24,Gyeonggi-do,366,4
1097,2020-03-24,Gangwon-do,30,1
1098,2020-03-24,Chungcheongbuk-do,38,0
1099,2020-03-24,Chungcheongnam-do,120,0
1100,2020-03-24,Jeollabuk-do,10,0
1101,2020-03-24,Jeollanam-do,6,0
1102,2020-03-24,Gyeongsangbuk-do,1257,26
1103,2020-03-24,Gyeongsangnam-do,90,0
1104,2020-03-24,Jeju-do,4,0
1105,2020-03-25,Seoul,347,0
1106,2020-03-25,Busan,112,1
1107,2020-03-25,Daegu,6456,92
1108,2020-03-25,Incheon,42,0
1109,2020-03-25,Gwangju,19,0
1110,2020-03-25,Daejeon,24,0
1111,2020-03-25,Ulsan,37,0
1112,2020-03-25,Sejong,44,0
1113,2020-03-25,Gyeonggi-do,387,4
1114,2020-03-25,Gangwon-do,31,1
1115,2020-03-25,Chungcheongbuk-do,38,0
1116,2020-03-25,Chungcheongnam-do,123,0
1117,2020-03-25,Jeollabuk-do,10,0
1118,2020-03-25,Jeollanam-do,8,0
1119,2020-03-25,Gyeongsangbuk-do,1262,28
1120,2020-03-25,Gyeongsangnam-do,90,0
1121,2020-03-25,Jeju-do,6,0
1122,2020-03-26,Seoul,360,0
1123,2020-03-26,Busan,112,2
1124,2020-03-26,Daegu,6482,94
1125,2020-03-26,Incheon,43,0
1126,2020-03-26,Gwangju,19,0
1127,2020-03-26,Daejeon,30,0
1128,2020-03-26,Ulsan,37,0
1129,2020-03-26,Sejong,44,0
1130,2020-03-26,Gyeonggi-do,401,4
1131,2020-03-26,Gangwon-do,31,1
1132,2020-03-26,Chungcheongbuk-do,39,0
1133,2020-03-26,Chungcheongnam-do,124,0
1134,2020-03-26,Jeollabuk-do,10,0
1135,2020-03-26,Jeollanam-do,8,0
1136,2020-03-26,Gyeongsangbuk-do,1274,30
1137,2020-03-26,Gyeongsangnam-do,90,0
1138,2020-03-26,Jeju-do,6,0
1139,2020-03-27,Seoul,372,0
1140,2020-03-27,Busan,113,2
1141,2020-03-27,Daegu,6516,98
1142,2020-03-27,Incheon,46,0
1143,2020-03-27,Gwangju,20,0
1144,2020-03-27,Daejeon,31,0
1145,2020-03-27,Ulsan,39,0
1146,2020-03-27,Sejong,44,0
1147,2020-03-27,Gyeonggi-do,412,4
1148,2020-03-27,Gangwon-do,31,1
1149,2020-03-27,Chungcheongbuk-do,41,0
1150,2020-03-27,Chungcheongnam-do,124,0
1151,2020-03-27,Jeollabuk-do,10,0
1152,2020-03-27,Jeollanam-do,8,0
1153,2020-03-27,Gyeongsangbuk-do,1283,34
1154,2020-03-27,Gyeongsangnam-do,91,0
1155,2020-03-27,Jeju-do,7,0
1156,2020-03-28,Seoul,390,0
1157,2020-03-28,Busan,114,2
1158,2020-03-28,Daegu,6587,101
1159,2020-03-28,Incheon,51,0
1160,2020-03-28,Gwangju,20,0
1161,2020-03-28,Daejeon,31,0
1162,2020-03-28,Ulsan,39,0
1163,2020-03-28,Sejong,44,0
1164,2020-03-28,Gyeonggi-do,433,5
1165,2020-03-28,Gangwon-do,32,1
1166,2020-03-28,Chungcheongbuk-do,41,0
1167,2020-03-28,Chungcheongnam-do,126,0
1168,2020-03-28,Jeollabuk-do,10,0
1169,2020-03-28,Jeollanam-do,8,0
1170,2020-03-28,Gyeongsangbuk-do,1285,35
1171,2020-03-28,Gyeongsangnam-do,91,0
1172,2020-03-28,Jeju-do,8,0
1173,2020-03-29,Seoul,410,0
1174,2020-03-29,Busan,117,3
1175,2020-03-29,Daegu,6610,106
1176,2020-03-29,Incheon,58,0
1177,2020-03-29,Gwangju,20,0
1178,2020-03-29,Daejeon,34,0
1179,2020-03-29,Ulsan,39,0
1180,2020-03-29,Sejong,46,0
1181,2020-03-29,Gyeonggi-do,448,5
1182,2020-03-29,Gangwon-do,34,1
1183,2020-03-29,Chungcheongbuk-do,41,0
1184,2020-03-29,Chungcheongnam-do,127,0
1185,2020-03-29,Jeollabuk-do,12,0
1186,2020-03-29,Jeollanam-do,9,0
1187,2020-03-29,Gyeongsangbuk-do,1287,37
1188,2020-03-29,Gyeongsangnam-do,94,0
1189,2020-03-29,Jeju-do,8,0
1190,2020-03-30,Seoul,426,0
1191,2020-03-30,Busan,118,3
1192,2020-03-30,Daegu,6624,111
1193,2020-03-30,Incheon,58,0
1194,2020-03-30,Gwangju,20,0
1195,2020-03-30,Daejeon,34,0
1196,2020-03-30,Ulsan,39,0
1197,2020-03-30,Sejong,46,0
1198,2020-03-30,Gyeonggi-do,463,5
1199,2020-03-30,Gangwon-do,36,1
1200,2020-03-30,Chungcheongbuk-do,44,0
1201,2020-03-30,Chungcheongnam-do,127,0
1202,2020-03-30,Jeollabuk-do,13,0
1203,2020-03-30,Jeollanam-do,9,0
1204,2020-03-30,Gyeongsangbuk-do,1298,38
1205,2020-03-30,Gyeongsangnam-do,95,0
1206,2020-03-30,Jeju-do,9,0
1207,2020-03-31,Seoul,450,0
1208,2020-03-31,Busan,119,3
1209,2020-03-31,Daegu,6684,114
1210,2020-03-31,Incheon,64,0
1211,2020-03-31,Gwangju,20,0
1212,2020-03-31,Daejeon,36,0
1213,2020-03-31,Ulsan,39,0
1214,2020-03-31,Sejong,46,0
1215,2020-03-31,Gyeonggi-do,476,6
1216,2020-03-31,Gangwon-do,36,1
1217,2020-03-31,Chungcheongbuk-do,44,0
1218,2020-03-31,Chungcheongnam-do,128,0
1219,2020-03-31,Jeollabuk-do,13,0
1220,2020-03-31,Jeollanam-do,9,0
1221,2020-03-31,Gyeongsangbuk-do,1300,38
1222,2020-03-31,Gyeongsangnam-do,96,0
1223,2020-03-31,Jeju-do,9,0
1224,2020-04-01,Seoul,474,0
1225,2020-04-01,Busan,122,3
1226,2020-04-01,Daegu,6704,115
1227,2020-04-01,Incheon,69,0
1228,2020-04-01,Gwangju,24,0
1229,2020-04-01,Daejeon,36,0
1230,2020-04-01,Ulsan,39,1
1231,2020-04-01,Sejong,46,0
1232,2020-04-01,Gyeonggi-do,499,6
1233,2020-04-01,Gangwon-do,38,1
1234,2020-04-01,Chungcheongbuk-do,44,0
1235,2020-04-01,Chungcheongnam-do,131,0
1236,2020-04-01,Jeollabuk-do,14,0
1237,2020-04-01,Jeollanam-do,12,0
1238,2020-04-01,Gyeongsangbuk-do,1302,39
1239,2020-04-01,Gyeongsangnam-do,100,0
1240,2020-04-01,Jeju-do,9,0
1241,2020-04-02,Seoul,488,0
1242,2020-04-02,Busan,122,3
1243,2020-04-02,Daegu,6725,117
1244,2020-04-02,Incheon,73,0
1245,2020-04-02,Gwangju,25,0
1246,2020-04-02,Daejeon,36,0
1247,2020-04-02,Ulsan,40,1
1248,2020-04-02,Sejong,46,0
1249,2020-04-02,Gyeonggi-do,516,6
1250,2020-04-02,Gangwon-do,39,1
1251,2020-04-02,Chungcheongbuk-do,44,0
1252,2020-04-02,Chungcheongnam-do,133,0
1253,2020-04-02,Jeollabuk-do,14,0
1254,2020-04-02,Jeollanam-do,14,0
1255,2020-04-02,Gyeongsangbuk-do,1304,41
1256,2020-04-02,Gyeongsangnam-do,106,0
1257,2020-04-02,Jeju-do,9,0
1258,2020-04-03,Seoul,506,0
1259,2020-04-03,Busan,122,3
1260,2020-04-03,Daegu,6734,121
1261,2020-04-03,Incheon,74,0
1262,2020-04-03,Gwangju,26,0
1263,2020-04-03,Daejeon,36,0
1264,2020-04-03,Ulsan,40,1
1265,2020-04-03,Sejong,46,0
1266,2020-04-03,Gyeonggi-do,539,6
1267,2020-04-03,Gangwon-do,41,1
1268,2020-04-03,Chungcheongbuk-do,45,0
1269,2020-04-03,Chungcheongnam-do,134,0
1270,2020-04-03,Jeollabuk-do,15,0
1271,2020-04-03,Jeollanam-do,15,0
1272,2020-04-03,Gyeongsangbuk-do,1309,42
1273,2020-04-03,Gyeongsangnam-do,107,0
1274,2020-04-03,Jeju-do,9,0
1275,2020-04-04,Seoul,528,0
1276,2020-04-04,Busan,122,3
1277,2020-04-04,Daegu,6761,122
1278,2020-04-04,Incheon,77,0
1279,2020-04-04,Gwangju,26,0
1280,2020-04-04,Daejeon,36,0
1281,2020-04-04,Ulsan,40,1
1282,2020-04-04,Sejong,46,0
1283,2020-04-04,Gyeonggi-do,562,6
1284,2020-04-04,Gangwon-do,42,1
1285,2020-04-04,Chungcheongbuk-do,45,0
1286,2020-04-04,Chungcheongnam-do,135,0
1287,2020-04-04,Jeollabuk-do,15,0
1288,2020-04-04,Jeollanam-do,15,0
1289,2020-04-04,Gyeongsangbuk-do,1310,44
1290,2020-04-04,Gyeongsangnam-do,108,0
1291,2020-04-04,Jeju-do,9,0
1292,2020-04-05,Seoul,552,0
1293,2020-04-05,Busan,122,3
1294,2020-04-05,Daegu,6768,127
1295,2020-04-05,Incheon,79,0
1296,2020-04-05,Gwangju,27,0
1297,2020-04-05,Daejeon,37,0
1298,2020-04-05,Ulsan,40,1
1299,2020-04-05,Sejong,46,0
1300,2020-04-05,Gyeonggi-do,572,7
1301,2020-04-05,Gangwon-do,45,1
1302,2020-04-05,Chungcheongbuk-do,45,0
1303,2020-04-05,Chungcheongnam-do,135,0
1304,2020-04-05,Jeollabuk-do,16,0
1305,2020-04-05,Jeollanam-do,15,0
1306,2020-04-05,Gyeongsangbuk-do,1314,44
1307,2020-04-05,Gyeongsangnam-do,109,0
1308,2020-04-05,Jeju-do,12,0
1309,2020-04-06,Seoul,563,0
1310,2020-04-06,Busan,122,3
1311,2020-04-06,Daegu,6781,129
1312,2020-04-06,Incheon,80,0
1313,2020-04-06,Gwangju,27,0
1314,2020-04-06,Daejeon,39,0
1315,2020-04-06,Ulsan,40,1
1316,2020-04-06,Sejong,46,0
1317,2020-04-06,Gyeonggi-do,580,7
1318,2020-04-06,Gangwon-do,45,1
1319,2020-04-06,Chungcheongbuk-do,45,0
1320,2020-04-06,Chungcheongnam-do,136,0
1321,2020-04-06,Jeollabuk-do,16,0
1322,2020-04-06,Jeollanam-do,15,0
1323,2020-04-06,Gyeongsangbuk-do,1316,45
1324,2020-04-06,Gyeongsangnam-do,111,0
1325,2020-04-06,Jeju-do,12,0
1326,2020-04-07,Seoul,567,0
1327,2020-04-07,Busan,123,3
1328,2020-04-07,Daegu,6794,134
1329,2020-04-07,Incheon,80,0
1330,2020-04-07,Gwangju,27,0
1331,2020-04-07,Daejeon,39,0
1332,2020-04-07,Ulsan,40,1
1333,2020-04-07,Sejong,46,0
1334,2020-04-07,Gyeonggi-do,590,7
1335,2020-04-07,Gangwon-do,47,1
1336,2020-04-07,Chungcheongbuk-do,45,0
1337,2020-04-07,Chungcheongnam-do,137,0
1338,2020-04-07,Jeollabuk-do,16,0
1339,2020-04-07,Jeollanam-do,15,0
1340,2020-04-07,Gyeongsangbuk-do,1317,46
1341,2020-04-07,Gyeongsangnam-do,112,0
1342,2020-04-07,Jeju-do,12,0
1343,2020-04-08,Seoul,578,2
1344,2020-04-08,Busan,125,3
1345,2020-04-08,Daegu,6803,137
1346,2020-04-08,Incheon,84,0
1347,2020-04-08,Gwangju,27,0
1348,2020-04-08,Daejeon,39,0
1349,2020-04-08,Ulsan,40,1
1350,2020-04-08,Sejong,46,0
1351,2020-04-08,Gyeonggi-do,596,10
1352,2020-04-08,Gangwon-do,49,1
1353,2020-04-08,Chungcheongbuk-do,45,0
1354,2020-04-08,Chungcheongnam-do,137,0
1355,2020-04-08,Jeollabuk-do,17,0
1356,2020-04-08,Jeollanam-do,15,0
1357,2020-04-08,Gyeongsangbuk-do,1320,46
1358,2020-04-08,Gyeongsangnam-do,113,0
1359,2020-04-08,Jeju-do,12,0
1360,2020-04-09,Seoul,590,2
1361,2020-04-09,Busan,125,3
1362,2020-04-09,Daegu,6807,139
1363,2020-04-09,Incheon,84,0
1364,2020-04-09,Gwangju,27,0
1365,2020-04-09,Daejeon,39,0
1366,2020-04-09,Ulsan,40,1
1367,2020-04-09,Sejong,46,0
1368,2020-04-09,Gyeonggi-do,606,11
1369,2020-04-09,Gangwon-do,49,1
1370,2020-04-09,Chungcheongbuk-do,45,0
1371,2020-04-09,Chungcheongnam-do,138,0
1372,2020-04-09,Jeollabuk-do,17,0
1373,2020-04-09,Jeollanam-do,15,0
1374,2020-04-09,Gyeongsangbuk-do,1320,47
1375,2020-04-09,Gyeongsangnam-do,115,0
1376,2020-04-09,Jeju-do,12,0
1377,2020-04-10,Seoul,595,2
1378,2020-04-10,Busan,126,3
1379,2020-04-10,Daegu,6807,142
1380,2020-04-10,Incheon,85,0
1381,2020-04-10,Gwangju,27,0
1382,2020-04-10,Daejeon,39,0
1383,2020-04-10,Ulsan,40,1
1384,2020-04-10,Sejong,46,0
1385,2020-04-10,Gyeonggi-do,615,11
1386,2020-04-10,Gangwon-do,49,1
1387,2020-04-10,Chungcheongbuk-do,45,0
1388,2020-04-10,Chungcheongnam-do,138,0
1389,2020-04-10,Jeollabuk-do,17,0
1390,2020-04-10,Jeollanam-do,15,0
1391,2020-04-10,Gyeongsangbuk-do,1327,48
1392,2020-04-10,Gyeongsangnam-do,115,0
1393,2020-04-10,Jeju-do,12,0
1394,2020-04-11,Seoul,599,2
1395,2020-04-11,Busan,126,3
1396,2020-04-11,Daegu,6814,145
1397,2020-04-11,Incheon,85,0
1398,2020-04-11,Gwangju,27,0
1399,2020-04-11,Daejeon,39,0
1400,2020-04-11,Ulsan,41,1
1401,2020-04-11,Sejong,46,0
1402,2020-04-11,Gyeonggi-do,624,11
1403,2020-04-11,Gangwon-do,49,1
1404,2020-04-11,Chungcheongbuk-do,45,0
1405,2020-04-11,Chungcheongnam-do,138,0
1406,2020-04-11,Jeollabuk-do,17,0
1407,2020-04-11,Jeollanam-do,15,0
1408,2020-04-11,Gyeongsangbuk-do,1330,48
1409,2020-04-11,Gyeongsangnam-do,115,0
1410,2020-04-11,Jeju-do,12,0
1411,2020-04-12,Seoul,602,2
1412,2020-04-12,Busan,126,3
1413,2020-04-12,Daegu,6816,146
1414,2020-04-12,Incheon,86,0
1415,2020-04-12,Gwangju,27,0
1416,2020-04-12,Daejeon,39,0
1417,2020-04-12,Ulsan,41,1
1418,2020-04-12,Sejong,46,0
1419,2020-04-12,Gyeonggi-do,628,12
1420,2020-04-12,Gangwon-do,49,1
1421,2020-04-12,Chungcheongbuk-do,45,0
1422,2020-04-12,Chungcheongnam-do,139,0
1423,2020-04-12,Jeollabuk-do,17,0
1424,2020-04-12,Jeollanam-do,15,0
1425,2020-04-12,Gyeongsangbuk-do,1333,49
1426,2020-04-12,Gyeongsangnam-do,115,0
1427,2020-04-12,Jeju-do,12,0
1428,2020-04-13,Seoul,610,2
1429,2020-04-13,Busan,126,3
1430,2020-04-13,Daegu,6819,147
1431,2020-04-13,Incheon,87,0
1432,2020-04-13,Gwangju,27,0
1433,2020-04-13,Daejeon,39,0
1434,2020-04-13,Ulsan,41,1
1435,2020-04-13,Sejong,46,0
1436,2020-04-13,Gyeonggi-do,631,13
1437,2020-04-13,Gangwon-do,49,1
1438,2020-04-13,Chungcheongbuk-do,45,0
1439,2020-04-13,Chungcheongnam-do,139,0
1440,2020-04-13,Jeollabuk-do,17,0
1441,2020-04-13,Jeollanam-do,15,0
1442,2020-04-13,Gyeongsangbuk-do,1337,50
1443,2020-04-13,Gyeongsangnam-do,115,0
1444,2020-04-13,Jeju-do,12,0
1445,2020-04-14,Seoul,612,2
1446,2020-04-14,Busan,126,3
1447,2020-04-14,Daegu,6822,152
1448,2020-04-14,Incheon,88,0
1449,2020-04-14,Gwangju,27,0
1450,2020-04-14,Daejeon,39,0
1451,2020-04-14,Ulsan,42,1
1452,2020-04-14,Sejong,46,0
1453,2020-04-14,Gyeonggi-do,639,13
1454,2020-04-14,Gangwon-do,49,1
1455,2020-04-14,Chungcheongbuk-do,45,0
1456,2020-04-14,Chungcheongnam-do,139,0
1457,2020-04-14,Jeollabuk-do,17,0
1458,2020-04-14,Jeollanam-do,15,0
1459,2020-04-14,Gyeongsangbuk-do,1342,50
1460,2020-04-14,Gyeongsangnam-do,115,0
1461,2020-04-14,Jeju-do,12,0
1462,2020-04-15,Seoul,617,2
1463,2020-04-15,Busan,127,3
1464,2020-04-15,Daegu,6823,155
1465,2020-04-15,Incheon,88,0
1466,2020-04-15,Gwangju,28,0
1467,2020-04-15,Daejeon,39,0
1468,2020-04-15,Ulsan,42,1
1469,2020-04-15,Sejong,46,0
1470,2020-04-15,Gyeonggi-do,645,13
1471,2020-04-15,Gangwon-do,51,1
1472,2020-04-15,Chungcheongbuk-do,45,0
1473,2020-04-15,Chungcheongnam-do,139,0
1474,2020-04-15,Jeollabuk-do,17,0
1475,2020-04-15,Jeollanam-do,15,0
1476,2020-04-15,Gyeongsangbuk-do,1348,50
1477,2020-04-15,Gyeongsangnam-do,115,0
1478,2020-04-15,Jeju-do,13,0
1479,2020-04-16,Seoul,619,2
1480,2020-04-16,Busan,130,3
1481,2020-04-16,Daegu,6827,158
1482,2020-04-16,Incheon,88,0
1483,2020-04-16,Gwangju,28,0
1484,2020-04-16,Daejeon,39,0
1485,2020-04-16,Ulsan,42,1
1486,2020-04-16,Sejong,46,0
1487,2020-04-16,Gyeonggi-do,649,14
1488,2020-04-16,Gangwon-do,52,1
1489,2020-04-16,Chungcheongbuk-do,45,0
1490,2020-04-16,Chungcheongnam-do,139,0
1491,2020-04-16,Jeollabuk-do,17,0
1492,2020-04-16,Jeollanam-do,15,0
1493,2020-04-16,Gyeongsangbuk-do,1352,50
1494,2020-04-16,Gyeongsangnam-do,115,0
1495,2020-04-16,Jeju-do,13,0
1496,2020-04-17,Seoul,621,2
1497,2020-04-17,Busan,130,3
1498,2020-04-17,Daegu,6827,159
1499,2020-04-17,Incheon,89,0
1500,2020-04-17,Gwangju,30,0
1501,2020-04-17,Daejeon,40,0
1502,2020-04-17,Ulsan,42,1
1503,2020-04-17,Sejong,46,0
1504,2020-04-17,Gyeonggi-do,650,14
1505,2020-04-17,Gangwon-do,52,1
1506,2020-04-17,Chungcheongbuk-do,45,0
1507,2020-04-17,Chungcheongnam-do,139,0
1508,2020-04-17,Jeollabuk-do,17,0
1509,2020-04-17,Jeollanam-do,15,0
1510,2020-04-17,Gyeongsangbuk-do,1356,50
1511,2020-04-17,Gyeongsangnam-do,115,0
1512,2020-04-17,Jeju-do,13,0
1513,2020-04-18,Seoul,622,2
1514,2020-04-18,Busan,130,3
1515,2020-04-18,Daegu,6830,160
1516,2020-04-18,Incheon,90,0
1517,2020-04-18,Gwangju,30,0
1518,2020-04-18,Daejeon,39,0
1519,2020-04-18,Ulsan,42,1
1520,2020-04-18,Sejong,46,0
1521,2020-04-18,Gyeonggi-do,654,14
1522,2020-04-18,Gangwon-do,53,1
1523,2020-04-18,Chungcheongbuk-do,45,0
1524,2020-04-18,Chungcheongnam-do,141,0
1525,2020-04-18,Jeollabuk-do,17,0
1526,2020-04-18,Jeollanam-do,15,0
1527,2020-04-18,Gyeongsangbuk-do,1358,51
1528,2020-04-18,Gyeongsangnam-do,116,0
1529,2020-04-18,Jeju-do,13,0
1530,2020-04-19,Seoul,624,2
1531,2020-04-19,Busan,130,3
1532,2020-04-19,Daegu,6832,161
1533,2020-04-19,Incheon,91,0
1534,2020-04-19,Gwangju,30,0
1535,2020-04-19,Daejeon,39,0
1536,2020-04-19,Ulsan,42,1
1537,2020-04-19,Sejong,46,0
1538,2020-04-19,Gyeonggi-do,654,14
1539,2020-04-19,Gangwon-do,53,2
1540,2020-04-19,Chungcheongbuk-do,45,0
1541,2020-04-19,Chungcheongnam-do,141,0
1542,2020-04-19,Jeollabuk-do,17,0
1543,2020-04-19,Jeollanam-do,15,0
1544,2020-04-19,Gyeongsangbuk-do,1359,51
1545,2020-04-19,Gyeongsangnam-do,116,0
1546,2020-04-19,Jeju-do,13,0
1547,2020-04-20,Seoul,624,2
1548,2020-04-20,Busan,132,3
1549,2020-04-20,Daegu,6833,163
1550,2020-04-20,Incheon,92,0
1551,2020-04-20,Gwangju,30,0
1552,2020-04-20,Daejeon,39,0
1553,2020-04-20,Ulsan,43,1
1554,2020-04-20,Sejong,46,0
1555,2020-04-20,Gyeonggi-do,656,14
1556,2020-04-20,Gangwon-do,53,2
1557,2020-04-20,Chungcheongbuk-do,45,0
1558,2020-04-20,Chungcheongnam-do,141,0
1559,2020-04-20,Jeollabuk-do,17,0
1560,2020-04-20,Jeollanam-do,15,0
1561,2020-04-20,Gyeongsangbuk-do,1361,51
1562,2020-04-20,Gyeongsangnam-do,116,0
1563,2020-04-20,Jeju-do,13,0
1564,2020-04-21,Seoul,626,2
1565,2020-04-21,Busan,132,3
1566,2020-04-21,Daegu,6835,164
1567,2020-04-21,Incheon,92,0
1568,2020-04-21,Gwangju,30,0
1569,2020-04-21,Daejeon,39,0
1570,2020-04-21,Ulsan,43,1
1571,2020-04-21,Sejong,46,0
1572,2020-04-21,Gyeonggi-do,658,14
1573,2020-04-21,Gangwon-do,53,2
1574,2020-04-21,Chungcheongbuk-do,45,0
1575,2020-04-21,Chungcheongnam-do,141,0
1576,2020-04-21,Jeollabuk-do,17,0
1577,2020-04-21,Jeollanam-do,15,0
1578,2020-04-21,Gyeongsangbuk-do,1361,51
1579,2020-04-21,Gyeongsangnam-do,116,0
1580,2020-04-21,Jeju-do,13,0
1581,2020-04-22,Seoul,628,2
1582,2020-04-22,Busan,134,3
1583,2020-04-22,Daegu,6836,165
1584,2020-04-22,Incheon,92,0
1585,2020-04-22,Gwangju,30,0
1586,2020-04-22,Daejeon,40,0
1587,2020-04-22,Ulsan,43,1
1588,2020-04-22,Sejong,46,0
1589,2020-04-22,Gyeonggi-do,658,14
1590,2020-04-22,Gangwon-do,53,2
1591,2020-04-22,Chungcheongbuk-do,45,0
1592,2020-04-22,Chungcheongnam-do,141,0
1593,2020-04-22,Jeollabuk-do,17,0
1594,2020-04-22,Jeollanam-do,15,0
1595,2020-04-22,Gyeongsangbuk-do,1363,51
1596,2020-04-22,Gyeongsangnam-do,117,0
1597,2020-04-22,Jeju-do,13,0
1598,2020-04-23,Seoul,628,2
1599,2020-04-23,Busan,135,3
1600,2020-04-23,Daegu,6840,166
1601,2020-04-23,Incheon,92,0
1602,2020-04-23,Gwangju,30,0
1603,2020-04-23,Daejeon,40,0
1604,2020-04-23,Ulsan,43,1
1605,2020-04-23,Sejong,46,0
1606,2020-04-23,Gyeonggi-do,659,14
1607,2020-04-23,Gangwon-do,53,2
1608,2020-04-23,Chungcheongbuk-do,45,0
1609,2020-04-23,Chungcheongnam-do,141,0
1610,2020-04-23,Jeollabuk-do,17,0
1611,2020-04-23,Jeollanam-do,15,0
1612,2020-04-23,Gyeongsangbuk-do,1363,52
1613,2020-04-23,Gyeongsangnam-do,117,0
1614,2020-04-23,Jeju-do,13,0
1615,2020-04-24,Seoul,628,2
1616,2020-04-24,Busan,136,3
1617,2020-04-24,Daegu,6842,166
1618,2020-04-24,Incheon,92,0
1619,2020-04-24,Gwangju,30,0
1620,2020-04-24,Daejeon,40,0
1621,2020-04-24,Ulsan,43,1
1622,2020-04-24,Sejong,46,0
1623,2020-04-24,Gyeonggi-do,660,14
1624,2020-04-24,Gangwon-do,53,2
1625,2020-04-24,Chungcheongbuk-do,45,0
1626,2020-04-24,Chungcheongnam-do,141,0
1627,2020-04-24,Jeollabuk-do,17,0
1628,2020-04-24,Jeollanam-do,15,0
1629,2020-04-24,Gyeongsangbuk-do,1364,52
1630,2020-04-24,Gyeongsangnam-do,117,0
1631,2020-04-24,Jeju-do,13,0
1632,2020-04-25,Seoul,629,2
1633,2020-04-25,Busan,136,3
1634,2020-04-25,Daegu,6845,166
1635,2020-04-25,Incheon,92,0
1636,2020-04-25,Gwangju,30,0
1637,2020-04-25,Daejeon,40,0
1638,2020-04-25,Ulsan,43,1
1639,2020-04-25,Sejong,46,0
1640,2020-04-25,Gyeonggi-do,662,14
1641,2020-04-25,Gangwon-do,53,2
1642,2020-04-25,Chungcheongbuk-do,45,0
1643,2020-04-25,Chungcheongnam-do,141,0
1644,2020-04-25,Jeollabuk-do,17,0
1645,2020-04-25,Jeollanam-do,15,0
1646,2020-04-25,Gyeongsangbuk-do,1364,52
1647,2020-04-25,Gyeongsangnam-do,117,0
1648,2020-04-25,Jeju-do,13,0
1649,2020-04-26,Seoul,629,2
1650,2020-04-26,Busan,137,3
1651,2020-04-26,Daegu,6846,168
1652,2020-04-26,Incheon,92,0
1653,2020-04-26,Gwangju,30,0
1654,2020-04-26,Daejeon,40,0
1655,2020-04-26,Ulsan,43,1
1656,2020-04-26,Sejong,46,0
1657,2020-04-26,Gyeonggi-do,668,14
1658,2020-04-26,Gangwon-do,53,2
1659,2020-04-26,Chungcheongbuk-do,45,0
1660,2020-04-26,Chungcheongnam-do,141,0
1661,2020-04-26,Jeollabuk-do,18,0
1662,2020-04-26,Jeollanam-do,15,0
1663,2020-04-26,Gyeongsangbuk-do,1364,52
1664,2020-04-26,Gyeongsangnam-do,117,0
1665,2020-04-26,Jeju-do,13,0
1666,2020-04-27,Seoul,629,2
1667,2020-04-27,Busan,137,3
1668,2020-04-27,Daegu,6847,169
1669,2020-04-27,Incheon,92,0
1670,2020-04-27,Gwangju,30,0
1671,2020-04-27,Daejeon,40,0
1672,2020-04-27,Ulsan,43,1
1673,2020-04-27,Sejong,46,0
1674,2020-04-27,Gyeonggi-do,671,14
1675,2020-04-27,Gangwon-do,53,2
1676,2020-04-27,Chungcheongbuk-do,45,0
1677,2020-04-27,Chungcheongnam-do,142,0
1678,2020-04-27,Jeollabuk-do,18,0
1679,2020-04-27,Jeollanam-do,15,0
1680,2020-04-27,Gyeongsangbuk-do,1364,52
1681,2020-04-27,Gyeongsangnam-do,117,0
1682,2020-04-27,Jeju-do,13,0
1683,2020-04-28,Seoul,633,2
1684,2020-04-28,Busan,137,3
1685,2020-04-28,Daegu,6849,170
1686,2020-04-28,Incheon,93,0
1687,2020-04-28,Gwangju,30,0
1688,2020-04-28,Daejeon,40,0
1689,2020-04-28,Ulsan,43,1
1690,2020-04-28,Sejong,46,0
1691,2020-04-28,Gyeonggi-do,674,14
1692,2020-04-28,Gangwon-do,53,2
1693,2020-04-28,Chungcheongbuk-do,45,0
1694,2020-04-28,Chungcheongnam-do,142,0
1695,2020-04-28,Jeollabuk-do,18,0
1696,2020-04-28,Jeollanam-do,15,0
1697,2020-04-28,Gyeongsangbuk-do,1365,52
1698,2020-04-28,Gyeongsangnam-do,117,0
1699,2020-04-28,Jeju-do,13,0
1700,2020-04-29,Seoul,633,2
1701,2020-04-29,Busan,137,3
1702,2020-04-29,Daegu,6852,171
1703,2020-04-29,Incheon,93,0
1704,2020-04-29,Gwangju,30,0
1705,2020-04-29,Daejeon,40,0
1706,2020-04-29,Ulsan,43,1
1707,2020-04-29,Sejong,46,0
1708,2020-04-29,Gyeonggi-do,676,15
1709,2020-04-29,Gangwon-do,53,2
1710,2020-04-29,Chungcheongbuk-do,45,0
1711,2020-04-29,Chungcheongnam-do,143,0
1712,2020-04-29,Jeollabuk-do,18,0
1713,2020-04-29,Jeollanam-do,15,0
1714,2020-04-29,Gyeongsangbuk-do,1365,52
1715,2020-04-29,Gyeongsangnam-do,117,0
1716,2020-04-29,Jeju-do,13,0
1717,2020-04-30,Seoul,633,2
1718,2020-04-30,Busan,137,3
1719,2020-04-30,Daegu,6852,172
1720,2020-04-30,Incheon,93,0
1721,2020-04-30,Gwangju,30,0
1722,2020-04-30,Daejeon,40,0
1723,2020-04-30,Ulsan,43,1
1724,2020-04-30,Sejong,46,0
1725,2020-04-30,Gyeonggi-do,676,15
1726,2020-04-30,Gangwon-do,53,2
1727,2020-04-30,Chungcheongbuk-do,45,0
1728,2020-04-30,Chungcheongnam-do,143,0
1729,2020-04-30,Jeollabuk-do,18,0
1730,2020-04-30,Jeollanam-do,15,0
1731,2020-04-30,Gyeongsangbuk-do,1365,52
1732,2020-04-30,Gyeongsangnam-do,117,0
1733,2020-04-30,Jeju-do,13,0
1734,2020-05-01,Seoul,634,2
1735,2020-05-01,Busan,137,3
1736,2020-05-01,Daegu,6852,172
1737,2020-05-01,Incheon,94,0
1738,2020-05-01,Gwangju,30,0
1739,2020-05-01,Daejeon,40,0
1740,2020-05-01,Ulsan,43,1
1741,2020-05-01,Sejong,46,0
1742,2020-05-01,Gyeonggi-do,678,16
1743,2020-05-01,Gangwon-do,53,2
1744,2020-05-01,Chungcheongbuk-do,45,0
1745,2020-05-01,Chungcheongnam-do,143,0
1746,2020-05-01,Jeollabuk-do,18,0
1747,2020-05-01,Jeollanam-do,15,0
1748,2020-05-01,Gyeongsangbuk-do,1366,52
1749,2020-05-01,Gyeongsangnam-do,117,0
1750,2020-05-01,Jeju-do,13,0
1751,2020-05-02,Seoul,635,2
1752,2020-05-02,Busan,138,3
1753,2020-05-02,Daegu,6852,174
1754,2020-05-02,Incheon,95,0
1755,2020-05-02,Gwangju,30,0
1756,2020-05-02,Daejeon,40,0
1757,2020-05-02,Ulsan,43,1
1758,2020-05-02,Sejong,46,0
1759,2020-05-02,Gyeonggi-do,678,16
1760,2020-05-02,Gangwon-do,53,2
1761,2020-05-02,Chungcheongbuk-do,45,0
1762,2020-05-02,Chungcheongnam-do,143,0
1763,2020-05-02,Jeollabuk-do,18,0
1764,2020-05-02,Jeollanam-do,15,0
1765,2020-05-02,Gyeongsangbuk-do,1366,52
1766,2020-05-02,Gyeongsangnam-do,117,0
1767,2020-05-02,Jeju-do,13,0
1768,2020-05-03,Seoul,637,2
1769,2020-05-03,Busan,138,3
1770,2020-05-03,Daegu,6856,174
1771,2020-05-03,Incheon,95,0
1772,2020-05-03,Gwangju,30,0
1773,2020-05-03,Daejeon,40,0
1774,2020-05-03,Ulsan,43,1
1775,2020-05-03,Sejong,46,0
1776,2020-05-03,Gyeonggi-do,680,16
1777,2020-05-03,Gangwon-do,53,2
1778,2020-05-03,Chungcheongbuk-do,45,0
1779,2020-05-03,Chungcheongnam-do,143,0
1780,2020-05-03,Jeollabuk-do,18,0
1781,2020-05-03,Jeollanam-do,15,0
1782,2020-05-03,Gyeongsangbuk-do,1366,52
1783,2020-05-03,Gyeongsangnam-do,117,0
1784,2020-05-03,Jeju-do,13,0
1785,2020-05-04,Seoul,637,2
1786,2020-05-04,Busan,138,3
1787,2020-05-04,Daegu,6856,174
1788,2020-05-04,Incheon,96,0
1789,2020-05-04,Gwangju,30,0
1790,2020-05-04,Daejeon,40,1
1791,2020-05-04,Ulsan,44,1
1792,2020-05-04,Sejong,46,0
1793,2020-05-04,Gyeonggi-do,681,16
1794,2020-05-04,Gangwon-do,53,2
1795,2020-05-04,Chungcheongbuk-do,45,0
1796,2020-05-04,Chungcheongnam-do,143,0
1797,2020-05-04,Jeollabuk-do,18,0
1798,2020-05-04,Jeollanam-do,16,0
1799,2020-05-04,Gyeongsangbuk-do,1366,53
1800,2020-05-04,Gyeongsangnam-do,117,0
1801,2020-05-04,Jeju-do,13,0
1802,2020-05-05,Seoul,637,2
1803,2020-05-05,Busan,138,3
1804,2020-05-05,Daegu,6856,176
1805,2020-05-05,Incheon,97,0
1806,2020-05-05,Gwangju,30,0
1807,2020-05-05,Daejeon,40,1
1808,2020-05-05,Ulsan,44,1
1809,2020-05-05,Sejong,46,0
1810,2020-05-05,Gyeonggi-do,681,16
1811,2020-05-05,Gangwon-do,53,2
1812,2020-05-05,Chungcheongbuk-do,45,0
1813,2020-05-05,Chungcheongnam-do,143,0
1814,2020-05-05,Jeollabuk-do,18,0
1815,2020-05-05,Jeollanam-do,16,0
1816,2020-05-05,Gyeongsangbuk-do,1366,53
1817,2020-05-05,Gyeongsangnam-do,117,0
1818,2020-05-05,Jeju-do,13,0
1819,2020-05-06,Seoul,637,2
1820,2020-05-06,Busan,138,3
1821,2020-05-06,Daegu,6856,177
1822,2020-05-06,Incheon,97,0
1823,2020-05-06,Gwangju,30,0
1824,2020-05-06,Daejeon,40,1
1825,2020-05-06,Ulsan,44,1
1826,2020-05-06,Sejong,46,0
1827,2020-05-06,Gyeonggi-do,681,16
1828,2020-05-06,Gangwon-do,53,2
1829,2020-05-06,Chungcheongbuk-do,45,0
1830,2020-05-06,Chungcheongnam-do,143,0
1831,2020-05-06,Jeollabuk-do,18,0
1832,2020-05-06,Jeollanam-do,16,0
1833,2020-05-06,Gyeongsangbuk-do,1366,53
1834,2020-05-06,Gyeongsangnam-do,117,0
1835,2020-05-06,Jeju-do,13,0
1836,2020-05-07,Seoul,637,2
1837,2020-05-07,Busan,138,3
1838,2020-05-07,Daegu,6856,178
1839,2020-05-07,Incheon,97,0
1840,2020-05-07,Gwangju,30,0
1841,2020-05-07,Daejeon,41,1
1842,2020-05-07,Ulsan,44,1
1843,2020-05-07,Sejong,46,0
1844,2020-05-07,Gyeonggi-do,682,16
1845,2020-05-07,Gangwon-do,53,2
1846,2020-05-07,Chungcheongbuk-do,46,0
1847,2020-05-07,Chungcheongnam-do,143,0
1848,2020-05-07,Jeollabuk-do,18,0
1849,2020-05-07,Jeollanam-do,16,0
1850,2020-05-07,Gyeongsangbuk-do,1366,53
1851,2020-05-07,Gyeongsangnam-do,117,0
1852,2020-05-07,Jeju-do,13,0
1853,2020-05-08,Seoul,637,2
1854,2020-05-08,Busan,140,3
1855,2020-05-08,Daegu,6859,178
1856,2020-05-08,Incheon,97,0
1857,2020-05-08,Gwangju,30,0
1858,2020-05-08,Daejeon,41,1
1859,2020-05-08,Ulsan,44,1
1860,2020-05-08,Sejong,46,0
1861,2020-05-08,Gyeonggi-do,684,16
1862,2020-05-08,Gangwon-do,53,2
1863,2020-05-08,Chungcheongbuk-do,47,0
1864,2020-05-08,Chungcheongnam-do,143,0
1865,2020-05-08,Jeollabuk-do,19,0
1866,2020-05-08,Jeollanam-do,16,0
1867,2020-05-08,Gyeongsangbuk-do,1366,53
1868,2020-05-08,Gyeongsangnam-do,117,0
1869,2020-05-08,Jeju-do,13,0
1870,2020-05-09,Seoul,649,2
1871,2020-05-09,Busan,141,3
1872,2020-05-09,Daegu,6859,178
1873,2020-05-09,Incheon,98,0
1874,2020-05-09,Gwangju,30,0
1875,2020-05-09,Daejeon,41,1
1876,2020-05-09,Ulsan,44,1
1877,2020-05-09,Sejong,46,0
1878,2020-05-09,Gyeonggi-do,688,16
1879,2020-05-09,Gangwon-do,53,2
1880,2020-05-09,Chungcheongbuk-do,47,0
1881,2020-05-09,Chungcheongnam-do,143,0
1882,2020-05-09,Jeollabuk-do,19,0
1883,2020-05-09,Jeollanam-do,16,0
1884,2020-05-09,Gyeongsangbuk-do,1366,53
1885,2020-05-09,Gyeongsangnam-do,117,0
1886,2020-05-09,Jeju-do,13,0
1887,2020-05-10,Seoul,663,2
1888,2020-05-10,Busan,141,3
1889,2020-05-10,Daegu,6861,178
1890,2020-05-10,Incheon,101,0
1891,2020-05-10,Gwangju,30,0
1892,2020-05-10,Daejeon,41,1
1893,2020-05-10,Ulsan,44,1
1894,2020-05-10,Sejong,46,0
1895,2020-05-10,Gyeonggi-do,694,16
1896,2020-05-10,Gangwon-do,53,2
1897,2020-05-10,Chungcheongbuk-do,49,0
1898,2020-05-10,Chungcheongnam-do,143,0
1899,2020-05-10,Jeollabuk-do,19,0
1900,2020-05-10,Jeollanam-do,16,0
1901,2020-05-10,Gyeongsangbuk-do,1366,53
1902,2020-05-10,Gyeongsangnam-do,117,0
1903,2020-05-10,Jeju-do,14,0
1904,2020-05-11,Seoul,683,2
1905,2020-05-11,Busan,141,3
1906,2020-05-11,Daegu,6861,178
1907,2020-05-11,Incheon,104,0
1908,2020-05-11,Gwangju,30,0
1909,2020-05-11,Daejeon,41,1
1910,2020-05-11,Ulsan,44,1
1911,2020-05-11,Sejong,47,0
1912,2020-05-11,Gyeonggi-do,698,16
1913,2020-05-11,Gangwon-do,54,2
1914,2020-05-11,Chungcheongbuk-do,52,0
1915,2020-05-11,Chungcheongnam-do,143,0
1916,2020-05-11,Jeollabuk-do,19,0
1917,2020-05-11,Jeollanam-do,16,0
1918,2020-05-11,Gyeongsangbuk-do,1366,53
1919,2020-05-11,Gyeongsangnam-do,117,0
1920,2020-05-11,Jeju-do,14,0
1921,2020-05-12,Seoul,695,2
1922,2020-05-12,Busan,141,3
1923,2020-05-12,Daegu,6862,179
1924,2020-05-12,Incheon,105,0
1925,2020-05-12,Gwangju,30,0
1926,2020-05-12,Daejeon,43,1
1927,2020-05-12,Ulsan,44,1
1928,2020-05-12,Sejong,47,0
1929,2020-05-12,Gyeonggi-do,706,16
1930,2020-05-12,Gangwon-do,54,2
1931,2020-05-12,Chungcheongbuk-do,52,0
1932,2020-05-12,Chungcheongnam-do,143,0
1933,2020-05-12,Jeollabuk-do,19,0
1934,2020-05-12,Jeollanam-do,16,0
1935,2020-05-12,Gyeongsangbuk-do,1367,54
1936,2020-05-12,Gyeongsangnam-do,118,0
1937,2020-05-12,Jeju-do,14,0
1938,2020-05-13,Seoul,707,3
1939,2020-05-13,Busan,144,3
1940,2020-05-13,Daegu,6865,179
1941,2020-05-13,Incheon,107,0
1942,2020-05-13,Gwangju,30,0
1943,2020-05-13,Daejeon,43,1
1944,2020-05-13,Ulsan,45,1
1945,2020-05-13,Sejong,47,0
1946,2020-05-13,Gyeonggi-do,708,16
1947,2020-05-13,Gangwon-do,54,2
1948,2020-05-13,Chungcheongbuk-do,52,0
1949,2020-05-13,Chungcheongnam-do,143,0
1950,2020-05-13,Jeollabuk-do,20,0
1951,2020-05-13,Jeollanam-do,16,0
1952,2020-05-13,Gyeongsangbuk-do,1367,54
1953,2020-05-13,Gyeongsangnam-do,119,0
1954,2020-05-13,Jeju-do,14,0
1955,2020-05-14,Seoul,711,4
1956,2020-05-14,Busan,144,3
1957,2020-05-14,Daegu,6865,179
1958,2020-05-14,Incheon,119,0
1959,2020-05-14,Gwangju,30,0
1960,2020-05-14,Daejeon,43,1
1961,2020-05-14,Ulsan,45,1
1962,2020-05-14,Sejong,47,0
1963,2020-05-14,Gyeonggi-do,714,16
1964,2020-05-14,Gangwon-do,55,2
1965,2020-05-14,Chungcheongbuk-do,55,0
1966,2020-05-14,Chungcheongnam-do,144,0
1967,2020-05-14,Jeollabuk-do,20,0
1968,2020-05-14,Jeollanam-do,17,0
1969,2020-05-14,Gyeongsangbuk-do,1368,54
1970,2020-05-14,Gyeongsangnam-do,119,0
1971,2020-05-14,Jeju-do,14,0
