,date,sex,age,confirmed,deceased
0,2020-03-02,male,0,12,0
1,2020-03-02,male,10,63,0
2,2020-03-02,male,20,466,0
3,2020-03-02,male,30,191,0
4,2020-03-02,male,40,239,0
5,2020-03-02,male,50,315,2
6,2020-03-02,male,60,200,3
7,2020-03-02,male,70,72,3
8,2020-03-02,male,80,30,1
9,2020-03-02,female,0,19,0
10,2020-03-02,female,10,105,0
11,2020-03-02,female,20,768,0
12,2020-03-02,female,30,314,0
13,2020-03-02,female,40,393,0
14,2020-03-02,female,50,518,2
15,2020-03-02,female,60,329,2
16,2020-03-02,female,70,119,2
17,2020-03-02,female,80,50,1
18,2020-03-03,male,0,12,0
19,2020-03-03,male,10,76,0
20,2020-03-03,male,20,532,0
21,2020-03-03,male,30,217,0
22,2020-03-03,male,40,268,0
23,2020-03-03,male,50,358,2
24,2020-03-03,male,60,224,4
25,2020-03-03,male,70,84,5
26,2020-03-03,male,80,34,2
27,2020-03-03,female,0,21,0
28,2020-03-03,female,10,127,0
29,2020-03-03,female,20,884,0
30,2020-03-03,female,30,360,0
31,2020-03-03,female,40,444,0
32,2020-03-03,female,50,593,2
33,2020-03-03,female,60,372,3
34,2020-03-03,female,70,139,3
35,2020-03-03,female,80,58,2
36,2020-03-04,male,0,12,0
37,2020-03-04,male,10,87,0
38,2020-03-04,male,20,590,0
39,2020-03-04,male,30,236,0
40,2020-03-04,male,40,295,0
41,2020-03-04,male,50,393,3
42,2020-03-04,male,60,242,4
43,2020-03-04,male,70,97,7
44,2020-03-04,male,80,40,3
45,2020-03-04,female,0,21,0
46,2020-03-04,female,10,145,0
47,2020-03-04,female,20,984,0
48,2020-03-04,female,30,394,0
49,2020-03-04,female,40,494,0
50,2020-03-04,female,50,657,1
51,2020-03-04,female,60,403,2
52,2020-03-04,female,70,162,4
53,2020-03-04,female,80,67,2
54,2020-03-05,male,0,14,0
55,2020-03-05,male,10,95,0
56,2020-03-05,male,20,643,0
57,2020-03-05,male,30,245,0
58,2020-03-05,male,40,315,0
59,2020-03-05,male,50,420,3
60,2020-03-05,male,60,260,4
61,2020-03-05,male,70,107,7
62,2020-03-05,male,80,46,4
63,2020-03-05,female,0,23,0
64,2020-03-05,female,10,161,0
65,2020-03-05,female,20,1083,0
66,2020-03-05,female,30,413,0
67,2020-03-05,female,40,531,0
68,2020-03-05,female,50,706,2
69,2020-03-05,female,60,438,3
70,2020-03-05,female,70,180,5
71,2020-03-05,female,80,77,2
72,2020-03-06,male,0,16,0
73,2020-03-06,male,10,108,0
74,2020-03-06,male,20,700,0
75,2020-03-06,male,30,258,0
76,2020-03-06,male,40,331,0
77,2020-03-06,male,50,454,2
78,2020-03-06,male,60,284,6
79,2020-03-06,male,70,126,8
80,2020-03-06,male,80,62,5
81,2020-03-06,female,0,28,0
82,2020-03-06,female,10,183,0
83,2020-03-06,female,20,1176,0
84,2020-03-06,female,30,434,0
85,2020-03-06,female,40,557,0
86,2020-03-06,female,50,762,2
87,2020-03-06,female,60,478,4
88,2020-03-06,female,70,213,5
89,2020-03-06,female,80,105,4
90,2020-03-07,male,0,19,0
91,2020-03-07,male,10,121,0
92,2020-03-07,male,20,759,0
93,2020-03-07,male,30,270,0
94,2020-03-07,male,40,350,0
95,2020-03-07,male,50,479,2
96,2020-03-07,male,60,309,6
97,2020-03-07,male,70,143,8
98,2020-03-07,male,80,71,7
99,2020-03-07,female,0,32,0
100,2020-03-07,female,10,205,0
101,2020-03-07,female,20,1278,0
102,2020-03-07,female,30,456,0
103,2020-03-07,female,40,590,0
104,2020-03-07,female,50,807,2
105,2020-03-07,female,60,520,4
106,2020-03-07,female,70,240,5
107,2020-03-07,female,80,119,4
108,2020-03-08,male,0,21,0
109,2020-03-08,male,10,135,0
110,2020-03-08,male,20,805,0
111,2020-03-08,male,30,286,0
112,2020-03-08,male,40,368,0
113,2020-03-08,male,50,509,2
114,2020-03-08,male,60,331,6
115,2020-03-08,male,70,154,10
116,2020-03-08,male,80,80,8
117,2020-03-08,female,0,36,0
118,2020-03-08,female,10,224,0
119,2020-03-08,female,20,1327,0
120,2020-03-08,female,30,473,0
121,2020-03-08,female,40,606,0
122,2020-03-08,female,50,839,2
123,2020-03-08,female,60,546,4
124,2020-03-08,female,70,254,7
125,2020-03-08,female,80,131,5
126,2020-03-09,male,0,25,0
127,2020-03-09,male,10,144,0
128,2020-03-09,male,20,830,0
129,2020-03-09,male,30,295,0
130,2020-03-09,male,40,381,0
131,2020-03-09,male,50,527,3
132,2020-03-09,male,60,347,7
133,2020-03-09,male,70,166,10
134,2020-03-09,male,80,81,8
135,2020-03-09,female,0,40,0
136,2020-03-09,female,10,236,0
137,2020-03-09,female,20,1359,0
138,2020-03-09,female,30,483,0
139,2020-03-09,female,40,623,0
140,2020-03-09,female,50,863,1
141,2020-03-09,female,60,568,4
142,2020-03-09,female,70,271,7
143,2020-03-09,female,80,134,5
144,2020-03-10,male,0,25,0
145,2020-03-10,male,10,149,0
146,2020-03-10,male,20,840,0
147,2020-03-10,male,30,299,0
148,2020-03-10,male,40,390,0
149,2020-03-10,male,50,537,3
150,2020-03-10,male,60,352,7
151,2020-03-10,male,70,172,11
152,2020-03-10,male,80,84,9
153,2020-03-10,female,0,41,0
154,2020-03-10,female,10,243,0
155,2020-03-10,female,20,1372,0
156,2020-03-10,female,30,489,0
157,2020-03-10,female,40,639,0
158,2020-03-10,female,50,878,1
159,2020-03-10,female,60,576,5
160,2020-03-10,female,70,281,7
161,2020-03-10,female,80,137,5
162,2020-03-11,male,0,28,0
163,2020-03-11,male,10,153,0
164,2020-03-11,male,20,850,0
165,2020-03-11,male,30,305,0
166,2020-03-11,male,40,411,0
167,2020-03-11,male,50,559,3
168,2020-03-11,male,60,364,8
169,2020-03-11,male,70,183,12
170,2020-03-11,male,80,89,9
171,2020-03-11,female,0,46,0
172,2020-03-11,female,10,251,0
173,2020-03-11,female,20,1387,0
174,2020-03-11,female,30,498,0
175,2020-03-11,female,40,670,0
176,2020-03-11,female,50,912,2
177,2020-03-11,female,60,595,5
178,2020-03-11,female,70,299,8
179,2020-03-11,female,80,146,7
180,2020-03-12,male,0,28,0
181,2020-03-12,male,10,156,0
182,2020-03-12,male,20,860,0
183,2020-03-12,male,30,308,0
184,2020-03-12,male,40,418,0
185,2020-03-12,male,50,568,3
186,2020-03-12,male,60,369,8
187,2020-03-12,male,70,189,13
188,2020-03-12,male,80,92,11
189,2020-03-12,female,0,47,0
190,2020-03-12,female,10,255,0
191,2020-03-12,female,20,1400,0
192,2020-03-12,female,30,503,0
193,2020-03-12,female,40,682,0
194,2020-03-12,female,50,926,2
195,2020-03-12,female,60,602,5
196,2020-03-12,female,70,307,10
197,2020-03-12,female,80,150,8
198,2020-03-13,male,0,29,0
199,2020-03-13,male,10,160,0
200,2020-03-13,male,20,867,0
201,2020-03-13,male,30,313,0
202,2020-03-13,male,40,425,0
203,2020-03-13,male,50,580,3
204,2020-03-13,male,60,375,8
205,2020-03-13,male,70,192,13
206,2020-03-13,male,80,96,12
207,2020-03-13,female,0,47,0
208,2020-03-13,female,10,260,0
209,2020-03-13,female,20,1406,0
210,2020-03-13,female,30,509,0
211,2020-03-13,female,40,691,0
212,2020-03-13,female,50,942,2
213,2020-03-13,female,60,609,5
214,2020-03-13,female,70,313,10
215,2020-03-13,female,80,156,8
216,2020-03-14,male,0,31,0
217,2020-03-14,male,10,162,0
218,2020-03-14,male,20,876,0
219,2020-03-14,male,30,319,0
220,2020-03-14,male,40,434,0
221,2020-03-14,male,50,594,3
222,2020-03-14,male,60,382,7
223,2020-03-14,male,70,197,15
224,2020-03-14,male,80,100,13
225,2020-03-14,female,0,49,0
226,2020-03-14,female,10,261,0
227,2020-03-14,female,20,1410,0
228,2020-03-14,female,30,513,0
229,2020-03-14,female,40,698,0
230,2020-03-14,female,50,956,2
231,2020-03-14,female,60,616,6
232,2020-03-14,female,70,317,11
233,2020-03-14,female,80,162,9
234,2020-03-15,male,0,31,0
235,2020-03-15,male,10,164,0
236,2020-03-15,male,20,884,0
237,2020-03-15,male,30,323,0
238,2020-03-15,male,40,438,0
239,2020-03-15,male,50,602,3
240,2020-03-15,male,60,388,7
241,2020-03-15,male,70,201,15
242,2020-03-15,male,80,101,13
243,2020-03-15,female,0,51,0
244,2020-03-15,female,10,262,0
245,2020-03-15,female,20,1416,0
246,2020-03-15,female,30,518,0
247,2020-03-15,female,40,702,0
248,2020-03-15,female,50,965,2
249,2020-03-15,female,60,623,6
250,2020-03-15,female,70,323,12
251,2020-03-15,female,80,161,11
252,2020-03-16,male,0,32,0
253,2020-03-16,male,10,166,0
254,2020-03-16,male,20,889,0
255,2020-03-16,male,30,326,0
256,2020-03-16,male,40,441,0
257,2020-03-16,male,50,609,3
258,2020-03-16,male,60,394,7
259,2020-03-16,male,70,204,15
260,2020-03-16,male,80,103,13
261,2020-03-16,female,0,52,0
262,2020-03-16,female,10,265,0
263,2020-03-16,female,20,1423,0
264,2020-03-16,female,30,522,0
265,2020-03-16,female,40,705,0
266,2020-03-16,female,50,975,2
267,2020-03-16,female,60,629,6
268,2020-03-16,female,70,326,12
269,2020-03-16,female,80,166,11
270,2020-03-17,male,0,33,0
271,2020-03-17,male,10,167,0
272,2020-03-17,male,20,896,0
273,2020-03-17,male,30,329,0
274,2020-03-17,male,40,447,0
275,2020-03-17,male,50,616,3
276,2020-03-17,male,60,397,8
277,2020-03-17,male,70,207,15
278,2020-03-17,male,80,105,15
279,2020-03-17,female,0,52,0
280,2020-03-17,female,10,268,0
281,2020-03-17,female,20,1433,0
282,2020-03-17,female,30,526,0
283,2020-03-17,female,40,716,0
284,2020-03-17,female,50,985,2
285,2020-03-17,female,60,635,7
286,2020-03-17,female,70,331,13
287,2020-03-17,female,80,168,12
288,2020-03-18,male,0,33,0
289,2020-03-18,male,10,168,0
290,2020-03-18,male,20,901,0
291,2020-03-18,male,30,336,0
292,2020-03-18,male,40,450,0
293,2020-03-18,male,50,621,3
294,2020-03-18,male,60,407,8
295,2020-03-18,male,70,208,15
296,2020-03-18,male,80,110,16
297,2020-03-18,female,0,53,0
298,2020-03-18,female,10,269,0
299,2020-03-18,female,20,1440,0
300,2020-03-18,female,30,536,0
301,2020-03-18,female,40,720,0
302,2020-03-18,female,50,993,2
303,2020-03-18,female,60,651,7
304,2020-03-18,female,70,333,13
305,2020-03-18,female,80,175,14
306,2020-03-19,male,0,35,0
307,2020-03-19,male,10,170,0
308,2020-03-19,male,20,907,0
309,2020-03-19,male,30,340,0
310,2020-03-19,male,40,454,0
311,2020-03-19,male,50,631,3
312,2020-03-19,male,60,415,9
313,2020-03-19,male,70,216,18
314,2020-03-19,male,80,123,16
315,2020-03-19,female,0,55,0
316,2020-03-19,female,10,273,0
317,2020-03-19,female,20,1450,0
318,2020-03-19,female,30,545,0
319,2020-03-19,female,40,726,0
320,2020-03-19,female,50,1010,3
321,2020-03-19,female,60,664,7
322,2020-03-19,female,70,345,15
323,2020-03-19,female,80,197,14
324,2020-03-20,male,0,37,0
325,2020-03-20,male,10,173,0
326,2020-03-20,male,20,910,0
327,2020-03-20,male,30,343,0
328,2020-03-20,male,40,459,0
329,2020-03-20,male,50,637,3
330,2020-03-20,male,60,422,9
331,2020-03-20,male,70,218,18
332,2020-03-20,male,80,126,17
333,2020-03-20,female,0,59,0
334,2020-03-20,female,10,278,0
335,2020-03-20,female,20,1454,0
336,2020-03-20,female,30,549,0
337,2020-03-20,female,40,733,0
338,2020-03-20,female,50,1018,3
339,2020-03-20,female,60,676,7
340,2020-03-20,female,70,349,16
341,2020-03-20,female,80,202,15
342,2020-03-21,male,0,38,0
343,2020-03-21,male,10,175,0
344,2020-03-21,male,20,916,0
345,2020-03-21,male,30,346,0
346,2020-03-21,male,40,463,0
347,2020-03-21,male,50,643,3
348,2020-03-21,male,60,430,9
349,2020-03-21,male,70,226,19
350,2020-03-21,male,80,146,20
351,2020-03-21,female,0,60,0
352,2020-03-21,female,10,281,0
353,2020-03-21,female,20,1463,0
354,2020-03-21,female,30,553,0
355,2020-03-21,female,40,739,0
356,2020-03-21,female,50,1028,3
357,2020-03-21,female,60,687,8
358,2020-03-21,female,70,362,17
359,2020-03-21,female,80,234,18
360,2020-03-22,male,0,38,0
361,2020-03-22,male,10,177,0
362,2020-03-22,male,20,923,0
363,2020-03-22,male,30,350,0
364,2020-03-22,male,40,470,0
365,2020-03-22,male,50,651,3
366,2020-03-22,male,60,436,8
367,2020-03-22,male,70,229,19
368,2020-03-22,male,80,151,21
369,2020-03-22,female,0,62,0
370,2020-03-22,female,10,282,0
371,2020-03-22,female,20,1472,0
372,2020-03-22,female,30,558,0
373,2020-03-22,female,40,750,0
374,2020-03-22,female,50,1039,3
375,2020-03-22,female,60,695,8
376,2020-03-22,female,70,365,17
377,2020-03-22,female,80,240,19
378,2020-03-23,male,0,39,0
379,2020-03-23,male,10,177,0
380,2020-03-23,male,20,932,0
381,2020-03-23,male,30,353,0
382,2020-03-23,male,40,473,0
383,2020-03-23,male,50,656,3
384,2020-03-23,male,60,439,9
385,2020-03-23,male,70,231,19
386,2020-03-23,male,80,152,24
387,2020-03-23,female,0,63,0
388,2020-03-23,female,10,282,0
389,2020-03-23,female,20,1484,0
390,2020-03-23,female,30,563,0
391,2020-03-23,female,40,754,0
392,2020-03-23,female,50,1045,3
393,2020-03-23,female,60,699,8
394,2020-03-23,female,70,367,18
395,2020-03-23,female,80,243,21
396,2020-03-24,male,0,40,0
397,2020-03-24,male,10,181,0
398,2020-03-24,male,20,943,0
399,2020-03-24,male,30,356,0
400,2020-03-24,male,40,477,0
401,2020-03-24,male,50,664,4
402,2020-03-24,male,60,443,10
403,2020-03-24,male,70,235,19
404,2020-03-24,male,80,155,26
405,2020-03-24,female,0,64,0
406,2020-03-24,female,10,286,0
407,2020-03-24,female,20,1494,0
408,2020-03-24,female,30,564,0
409,2020-03-24,female,40,756,0
410,2020-03-24,female,50,1051,4
411,2020-03-24,female,60,702,10
412,2020-03-24,female,70,372,19
413,2020-03-24,female,80,245,26
414,2020-03-25,male,0,40,0
415,2020-03-25,male,10,184,0
416,2020-03-25,male,20,960,0
417,2020-03-25,male,30,366,0
418,2020-03-25,male,40,484,0
419,2020-03-25,male,50,669,5
420,2020-03-25,male,60,448,10
421,2020-03-25,male,70,237,19
422,2020-03-25,male,80,157,27
423,2020-03-25,female,0,64,0
424,2020-03-25,female,10,290,0
425,2020-03-25,female,20,1512,0
426,2020-03-25,female,30,576,0
427,2020-03-25,female,40,761,0
428,2020-03-25,female,50,1054,4
429,2020-03-25,female,60,705,9
430,2020-03-25,female,70,373,19
431,2020-03-25,female,80,248,27
432,2020-03-26,male,0,41,0
433,2020-03-26,male,10,190,0
434,2020-03-26,male,20,976,0
435,2020-03-26,male,30,371,0
436,2020-03-26,male,40,487,0
437,2020-03-26,male,50,676,5
438,2020-03-26,male,60,452,10
439,2020-03-26,male,70,239,21
440,2020-03-26,male,80,161,30
441,2020-03-26,female,0,64,0
442,2020-03-26,female,10,297,0
443,2020-03-26,female,20,1531,0
444,2020-03-26,female,30,583,0
445,2020-03-26,female,40,764,0
446,2020-03-26,female,50,1061,4
447,2020-03-26,female,60,709,9
448,2020-03-26,female,70,376,19
449,2020-03-26,female,80,254,27
450,2020-03-27,male,0,42,0
451,2020-03-27,male,10,193,0
452,2020-03-27,male,20,987,0
453,2020-03-27,male,30,374,0
454,2020-03-27,male,40,489,0
455,2020-03-27,male,50,683,5
456,2020-03-27,male,60,456,11
457,2020-03-27,male,70,245,22
458,2020-03-27,male,80,166,35
459,2020-03-27,female,0,65,0
460,2020-03-27,female,10,302,0
461,2020-03-27,female,20,1544,0
462,2020-03-27,female,30,585,0
463,2020-03-27,female,40,766,0
464,2020-03-27,female,50,1068,4
465,2020-03-27,female,60,713,9
466,2020-03-27,female,70,384,18
467,2020-03-27,female,80,261,29
468,2020-03-28,male,0,42,0
469,2020-03-28,male,10,197,0
470,2020-03-28,male,20,1011,0
471,2020-03-28,male,30,385,0
472,2020-03-28,male,40,503,0
473,2020-03-28,male,50,701,5
474,2020-03-28,male,60,473,11
475,2020-03-28,male,70,249,21
476,2020-03-28,male,80,170,37
477,2020-03-28,female,0,66,0
478,2020-03-28,female,10,303,0
479,2020-03-28,female,20,1555,0
480,2020-03-28,female,30,592,0
481,2020-03-28,female,40,774,0
482,2020-03-28,female,50,1078,4
483,2020-03-28,female,60,727,9
484,2020-03-28,female,70,382,19
485,2020-03-28,female,80,261,32
486,2020-03-29,male,0,44,0
487,2020-03-29,male,10,201,0
488,2020-03-29,male,20,1031,0
489,2020-03-29,male,30,393,0
490,2020-03-29,male,40,512,0
491,2020-03-29,male,50,712,5
492,2020-03-29,male,60,479,10
493,2020-03-29,male,70,251,22
494,2020-03-29,male,80,172,39
495,2020-03-29,female,0,66,0
496,2020-03-29,female,10,306,0
497,2020-03-29,female,20,1570,0
498,2020-03-29,female,30,599,0
499,2020-03-29,female,40,779,0
500,2020-03-29,female,50,1085,4
501,2020-03-29,female,60,730,10
502,2020-03-29,female,70,383,20
503,2020-03-29,female,80,261,37
504,2020-03-30,male,0,44,0
505,2020-03-30,male,10,203,0
506,2020-03-30,male,20,1043,0
507,2020-03-30,male,30,397,0
508,2020-03-30,male,40,514,0
509,2020-03-30,male,50,719,5
510,2020-03-30,male,60,483,10
511,2020-03-30,male,70,253,22
512,2020-03-30,male,80,173,40
513,2020-03-30,female,0,67,0
514,2020-03-30,female,10,309,0
515,2020-03-30,female,20,1586,0
516,2020-03-30,female,30,604,0
517,2020-03-30,female,40,782,0
518,2020-03-30,female,50,1092,4
519,2020-03-30,female,60,734,10
520,2020-03-30,female,70,386,22
521,2020-03-30,female,80,263,39
522,2020-03-31,male,0,44,0
523,2020-03-31,male,10,205,0
524,2020-03-31,male,20,1059,0
525,2020-03-31,male,30,403,0
526,2020-03-31,male,40,523,0
527,2020-03-31,male,50,738,5
528,2020-03-31,male,60,492,11
529,2020-03-31,male,70,259,23
530,2020-03-31,male,80,176,41
531,2020-03-31,female,0,67,0
532,2020-03-31,female,10,309,0
533,2020-03-31,female,20,1596,0
534,2020-03-31,female,30,608,0
535,2020-03-31,female,40,788,0
536,2020-03-31,female,50,1112,4
537,2020-03-31,female,60,742,10
538,2020-03-31,female,70,391,22
539,2020-03-31,female,80,265,40
540,2020-04-01,male,0,46,0
541,2020-04-01,male,10,207,0
542,2020-04-01,male,20,1070,0
543,2020-04-01,male,30,409,0
544,2020-04-01,male,40,528,0
545,2020-04-01,male,50,744,5
546,2020-04-01,male,60,496,11
547,2020-04-01,male,70,262,23
548,2020-04-01,male,80,180,42
549,2020-04-01,female,0,69,0
550,2020-04-01,female,10,311,0
551,2020-04-01,female,20,1611,0
552,2020-04-01,female,30,617,0
553,2020-04-01,female,40,794,0
554,2020-04-01,female,50,1120,4
555,2020-04-01,female,60,748,11
556,2020-04-01,female,70,395,22
557,2020-04-01,female,80,271,41
558,2020-04-02,male,0,47,0
559,2020-04-02,male,10,208,0
560,2020-04-02,male,20,1078,0
561,2020-04-02,male,30,416,0
562,2020-04-02,male,40,532,1
563,2020-04-02,male,50,749,5
564,2020-04-02,male,60,501,11
565,2020-04-02,male,70,264,24
566,2020-04-02,male,80,180,43
567,2020-04-02,female,0,71,0
568,2020-04-02,female,10,313,0
569,2020-04-02,female,20,1625,0
570,2020-04-02,female,30,626,0
571,2020-04-02,female,40,803,0
572,2020-04-02,female,50,1128,5
573,2020-04-02,female,60,756,11
574,2020-04-02,female,70,398,22
575,2020-04-02,female,80,272,41
576,2020-04-03,male,0,48,0
577,2020-04-03,male,10,210,0
578,2020-04-03,male,20,1090,0
579,2020-04-03,male,30,419,0
580,2020-04-03,male,40,538,1
581,2020-04-03,male,50,752,6
582,2020-04-03,male,60,504,12
583,2020-04-03,male,70,266,25
584,2020-04-03,male,80,181,45
585,2020-04-03,female,0,72,0
586,2020-04-03,female,10,317,0
587,2020-04-03,female,20,1643,0
588,2020-04-03,female,30,632,0
589,2020-04-03,female,40,811,0
590,2020-04-03,female,50,1134,5
591,2020-04-03,female,60,761,11
592,2020-04-03,female,70,401,23
593,2020-04-03,female,80,274,40
594,2020-04-04,male,0,48,0
595,2020-04-04,male,10,211,0
596,2020-04-04,male,20,1101,0
597,2020-04-04,male,30,425,0
598,2020-04-04,male,40,541,1
599,2020-04-04,male,50,757,6
600,2020-04-04,male,60,511,13
601,2020-04-04,male,70,270,26
602,2020-04-04,male,80,183,46
603,2020-04-04,female,0,73,0
604,2020-04-04,female,10,318,0
605,2020-04-04,female,20,1659,0
606,2020-04-04,female,30,640,0
607,2020-04-04,female,40,816,0
608,2020-04-04,female,50,1140,5
609,2020-04-04,female,60,770,11
610,2020-04-04,female,70,407,23
611,2020-04-04,female,80,277,40
612,2020-04-05,male,0,49,0
613,2020-04-05,male,10,214,0
614,2020-04-05,male,20,1116,0
615,2020-04-05,male,30,433,0
616,2020-04-05,male,40,548,1
617,2020-04-05,male,50,762,6
618,2020-04-05,male,60,516,13
619,2020-04-05,male,70,272,27
620,2020-04-05,male,80,184,48
621,2020-04-05,female,0,74,0
622,2020-04-05,female,10,320,0
623,2020-04-05,female,20,1672,0
624,2020-04-05,female,30,649,0
625,2020-04-05,female,40,821,0
626,2020-04-05,female,50,1141,6
627,2020-04-05,female,60,772,11
628,2020-04-05,female,70,408,23
629,2020-04-05,female,80,277,42
630,2020-04-06,male,0,50,0
631,2020-04-06,male,10,217,0
632,2020-04-06,male,20,1122,0
633,2020-04-06,male,30,434,0
634,2020-04-06,male,40,550,1
635,2020-04-06,male,50,763,6
636,2020-04-06,male,60,518,13
637,2020-04-06,male,70,274,27
638,2020-04-06,male,80,186,48
639,2020-04-06,female,0,75,0
640,2020-04-06,female,10,324,0
641,2020-04-06,female,20,1681,0
642,2020-04-06,female,30,651,0
643,2020-04-06,female,40,824,0
644,2020-04-06,female,50,1142,6
645,2020-04-06,female,60,775,12
646,2020-04-06,female,70,411,24
647,2020-04-06,female,80,278,43
648,2020-04-07,male,0,50,0
649,2020-04-07,male,10,217,0
650,2020-04-07,male,20,1129,0
651,2020-04-07,male,30,437,0
652,2020-04-07,male,40,553,1
653,2020-04-07,male,50,764,6
654,2020-04-07,male,60,522,13
655,2020-04-07,male,70,275,29
656,2020-04-07,male,80,186,48
657,2020-04-07,female,0,75,0
658,2020-04-07,female,10,326,0
659,2020-04-07,female,20,1689,0
660,2020-04-07,female,30,654,0
661,2020-04-07,female,40,828,0
662,2020-04-07,female,50,1144,6
663,2020-04-07,female,60,781,12
664,2020-04-07,female,70,413,27
665,2020-04-07,female,80,279,44
666,2020-04-08,male,0,50,0
667,2020-04-08,male,10,219,0
668,2020-04-08,male,20,1135,0
669,2020-04-08,male,30,441,0
670,2020-04-08,male,40,556,1
671,2020-04-08,male,50,767,6
672,2020-04-08,male,60,525,14
673,2020-04-08,male,70,277,31
674,2020-04-08,male,80,188,50
675,2020-04-08,female,0,75,0
676,2020-04-08,female,10,328,0
677,2020-04-08,female,20,1696,0
678,2020-04-08,female,30,660,0
679,2020-04-08,female,40,830,1
680,2020-04-08,female,50,1147,6
681,2020-04-08,female,60,786,12
682,2020-04-08,female,70,414,28
683,2020-04-08,female,80,281,45
684,2020-04-09,male,0,51,0
685,2020-04-09,male,10,221,0
686,2020-04-09,male,20,1141,0
687,2020-04-09,male,30,445,0
688,2020-04-09,male,40,559,1
689,2020-04-09,male,50,769,6
690,2020-04-09,male,60,527,14
691,2020-04-09,male,70,277,31
692,2020-04-09,male,80,189,52
693,2020-04-09,female,0,76,0
694,2020-04-09,female,10,330,0
695,2020-04-09,female,20,1702,0
696,2020-04-09,female,30,663,0
697,2020-04-09,female,40,834,1
698,2020-04-09,female,50,1147,6
699,2020-04-09,female,60,786,12
700,2020-04-09,female,70,414,28
701,2020-04-09,female,80,283,47
702,2020-04-10,male,0,51,0
703,2020-04-10,male,10,222,0
704,2020-04-10,male,20,1145,0
705,2020-04-10,male,30,447,0
706,2020-04-10,male,40,561,1
707,2020-04-10,male,50,771,6
708,2020-04-10,male,60,530,14
709,2020-04-10,male,70,278,32
710,2020-04-10,male,80,190,52
711,2020-04-10,female,0,77,0
712,2020-04-10,female,10,330,0
713,2020-04-10,female,20,1705,0
714,2020-04-10,female,30,665,0
715,2020-04-10,female,40,834,1
716,2020-04-10,female,50,1148,6
717,2020-04-10,female,60,789,13
718,2020-04-10,female,70,415,29
719,2020-04-10,female,80,283,48
720,2020-04-11,male,0,52,0
721,2020-04-11,male,10,224,0
722,2020-04-11,male,20,1148,0
723,2020-04-11,male,30,448,0
724,2020-04-11,male,40,562,1
725,2020-04-11,male,50,774,7
726,2020-04-11,male,60,533,15
727,2020-04-11,male,70,279,33
728,2020-04-11,male,80,191,53
729,2020-04-11,female,0,77,0
730,2020-04-11,female,10,333,0
731,2020-04-11,female,20,1707,0
732,2020-04-11,female,30,666,0
733,2020-04-11,female,40,836,1
734,2020-04-11,female,50,1151,6
735,2020-04-11,female,60,793,13
736,2020-04-11,female,70,414,29
737,2020-04-11,female,80,283,47
738,2020-04-12,male,0,52,0
739,2020-04-12,male,10,225,0
740,2020-04-12,male,20,1154,0
741,2020-04-12,male,30,450,0
742,2020-04-12,male,40,563,1
743,2020-04-12,male,50,776,7
744,2020-04-12,male,60,535,16
745,2020-04-12,male,70,280,33
746,2020-04-12,male,80,191,53
747,2020-04-12,female,0,77,0
748,2020-04-12,female,10,335,0
749,2020-04-12,female,20,1714,0
750,2020-04-12,female,30,669,0
751,2020-04-12,female,40,836,1
752,2020-04-12,female,50,1153,6
753,2020-04-12,female,60,794,14
754,2020-04-12,female,70,416,29
755,2020-04-12,female,80,283,48
756,2020-04-13,male,0,53,0
757,2020-04-13,male,10,226,0
758,2020-04-13,male,20,1159,0
759,2020-04-13,male,30,451,0
760,2020-04-13,male,40,564,1
761,2020-04-13,male,50,777,7
762,2020-04-13,male,60,537,16
763,2020-04-13,male,70,281,33
764,2020-04-13,male,80,191,54
765,2020-04-13,female,0,78,0
766,2020-04-13,female,10,335,0
767,2020-04-13,female,20,1719,0
768,2020-04-13,female,30,670,0
769,2020-04-13,female,40,836,1
770,2020-04-13,female,50,1154,6
771,2020-04-13,female,60,797,15
772,2020-04-13,female,70,416,30
773,2020-04-13,female,80,284,48
774,2020-04-14,male,0,53,0
775,2020-04-14,male,10,227,0
776,2020-04-14,male,20,1162,0
777,2020-04-14,male,30,453,0
778,2020-04-14,male,40,566,1
779,2020-04-14,male,50,779,7
780,2020-04-14,male,60,539,17
781,2020-04-14,male,70,282,33
782,2020-04-14,male,80,192,55
783,2020-04-14,female,0,78,0
784,2020-04-14,female,10,337,0
785,2020-04-14,female,20,1723,0
786,2020-04-14,female,30,672,0
787,2020-04-14,female,40,838,1
788,2020-04-14,female,50,1155,6
789,2020-04-14,female,60,798,15
790,2020-04-14,female,70,417,31
791,2020-04-14,female,80,284,50
792,2020-04-15,male,0,53,0
793,2020-04-15,male,10,229,0
794,2020-04-15,male,20,1166,0
795,2020-04-15,male,30,455,0
796,2020-04-15,male,40,567,1
797,2020-04-15,male,50,780,7
798,2020-04-15,male,60,539,17
799,2020-04-15,male,70,282,35
800,2020-04-15,male,80,192,55
801,2020-04-15,female,0,78,0
802,2020-04-15,female,10,339,0
803,2020-04-15,female,20,1728,0
804,2020-04-15,female,30,675,0
805,2020-04-15,female,40,840,1
806,2020-04-15,female,50,1156,6
807,2020-04-15,female,60,799,15
808,2020-04-15,female,70,419,32
809,2020-04-15,female,80,285,50
810,2020-04-16,male,0,54,0
811,2020-04-16,male,10,230,0
812,2020-04-16,male,20,1167,0
813,2020-04-16,male,30,455,0
814,2020-04-16,male,40,567,1
815,2020-04-16,male,50,780,7
816,2020-04-16,male,60,539,17
817,2020-04-16,male,70,282,36
818,2020-04-16,male,80,193,58
819,2020-04-16,female,0,80,0
820,2020-04-16,female,10,341,0
821,2020-04-16,female,20,1732,0
822,2020-04-16,female,30,676,0
823,2020-04-16,female,40,842,1
824,2020-04-16,female,50,1159,6
825,2020-04-16,female,60,801,15
826,2020-04-16,female,70,420,31
827,2020-04-16,female,80,286,51
828,2020-04-17,male,0,54,0
829,2020-04-17,male,10,232,0
830,2020-04-17,male,20,1172,0
831,2020-04-17,male,30,457,0
832,2020-04-17,male,40,568,1
833,2020-04-17,male,50,782,7
834,2020-04-17,male,60,540,17
835,2020-04-17,male,70,283,36
836,2020-04-17,male,80,193,58
837,2020-04-17,female,0,81,0
838,2020-04-17,female,10,343,0
839,2020-04-17,female,20,1736,0
840,2020-04-17,female,30,677,0
841,2020-04-17,female,40,842,1
842,2020-04-17,female,50,1159,6
843,2020-04-17,female,60,801,15
844,2020-04-17,female,70,420,31
845,2020-04-17,female,80,286,52
846,2020-04-18,male,0,55,0
847,2020-04-18,male,10,232,0
848,2020-04-18,male,20,1175,0
849,2020-04-18,male,30,457,0
850,2020-04-18,male,40,569,1
851,2020-04-18,male,50,783,8
852,2020-04-18,male,60,541,17
853,2020-04-18,male,70,284,36
854,2020-04-18,male,80,193,59
855,2020-04-18,female,0,82,0
856,2020-04-18,female,10,343,0
857,2020-04-18,female,20,1742,0
858,2020-04-18,female,30,678,0
859,2020-04-18,female,40,842,1
860,2020-04-18,female,50,1160,6
861,2020-04-18,female,60,801,15
862,2020-04-18,female,70,420,31
863,2020-04-18,female,80,287,52
864,2020-04-19,male,0,55,0
865,2020-04-19,male,10,232,0
866,2020-04-19,male,20,1177,0
867,2020-04-19,male,30,458,1
868,2020-04-19,male,40,569,1
869,2020-04-19,male,50,783,7
870,2020-04-19,male,60,541,18
871,2020-04-19,male,70,284,36
872,2020-04-19,male,80,194,59
873,2020-04-19,female,0,82,0
874,2020-04-19,female,10,345,0
875,2020-04-19,female,20,1743,0
876,2020-04-19,female,30,678,0
877,2020-04-19,female,40,842,1
878,2020-04-19,female,50,1161,7
879,2020-04-19,female,60,801,15
880,2020-04-19,female,70,420,31
881,2020-04-19,female,80,287,52
882,2020-04-20,male,0,55,0
883,2020-04-20,male,10,234,0
884,2020-04-20,male,20,1179,0
885,2020-04-20,male,30,459,1
886,2020-04-20,male,40,569,1
887,2020-04-20,male,50,785,7
888,2020-04-20,male,60,541,18
889,2020-04-20,male,70,284,36
890,2020-04-20,male,80,194,59
891,2020-04-20,female,0,82,0
892,2020-04-20,female,10,346,0
893,2020-04-20,female,20,1746,0
894,2020-04-20,female,30,679,0
895,2020-04-20,female,40,842,1
896,2020-04-20,female,50,1162,7
897,2020-04-20,female,60,801,15
898,2020-04-20,female,70,420,32
899,2020-04-20,female,80,287,53
900,2020-04-21,male,0,55,0
901,2020-04-21,male,10,234,0
902,2020-04-21,male,20,1180,0
903,2020-04-21,male,30,459,1
904,2020-04-21,male,40,569,1
905,2020-04-21,male,50,786,7
906,2020-04-21,male,60,541,17
907,2020-04-21,male,70,284,36
908,2020-04-21,male,80,194,59
909,2020-04-21,female,0,82,0
910,2020-04-21,female,10,347,0
911,2020-04-21,female,20,1747,0
912,2020-04-21,female,30,679,0
913,2020-04-21,female,40,843,1
914,2020-04-21,female,50,1164,7
915,2020-04-21,female,60,801,16
916,2020-04-21,female,70,421,33
917,2020-04-21,female,80,288,53
918,2020-04-22,male,0,55,0
919,2020-04-22,male,10,235,0
920,2020-04-22,male,20,1182,0
921,2020-04-22,male,30,459,1
922,2020-04-22,male,40,571,1
923,2020-04-22,male,50,787,7
924,2020-04-22,male,60,542,18
925,2020-04-22,male,70,285,37
926,2020-04-22,male,80,194,59
927,2020-04-22,female,0,82,0
928,2020-04-22,female,10,347,0
929,2020-04-22,female,20,1748,0
930,2020-04-22,female,30,680,0
931,2020-04-22,female,40,845,1
932,2020-04-22,female,50,1163,7
933,2020-04-22,female,60,801,16
934,2020-04-22,female,70,421,33
935,2020-04-22,female,80,288,53
936,2020-04-23,male,0,55,0
937,2020-04-23,male,10,235,0
938,2020-04-23,male,20,1183,0
939,2020-04-23,male,30,460,1
940,2020-04-23,male,40,572,1
941,2020-04-23,male,50,787,7
942,2020-04-23,male,60,542,18
943,2020-04-23,male,70,285,37
944,2020-04-23,male,80,195,60
945,2020-04-23,female,0,82,0
946,2020-04-23,female,10,348,0
947,2020-04-23,female,20,1749,0
948,2020-04-23,female,30,680,0
949,2020-04-23,female,40,845,1
950,2020-04-23,female,50,1164,7
951,2020-04-23,female,60,801,16
952,2020-04-23,female,70,422,33
953,2020-04-23,female,80,288,53
954,2020-04-24,male,0,55,0
955,2020-04-24,male,10,236,0
956,2020-04-24,male,20,1184,0
957,2020-04-24,male,30,461,1
958,2020-04-24,male,40,572,1
959,2020-04-24,male,50,788,7
960,2020-04-24,male,60,542,18
961,2020-04-24,male,70,285,37
962,2020-04-24,male,80,195,60
963,2020-04-24,female,0,82,0
964,2020-04-24,female,10,348,0
965,2020-04-24,female,20,1749,0
966,2020-04-24,female,30,680,0
967,2020-04-24,female,40,845,1
968,2020-04-24,female,50,1164,7
969,2020-04-24,female,60,802,16
970,2020-04-24,female,70,422,33
971,2020-04-24,female,80,289,53
972,2020-04-25,male,0,56,0
973,2020-04-25,male,10,236,0
974,2020-04-25,male,20,1185,0
975,2020-04-25,male,30,461,1
976,2020-04-25,male,40,573,1
977,2020-04-25,male,50,788,7
978,2020-04-25,male,60,543,18
979,2020-04-25,male,70,285,37
980,2020-04-25,male,80,195,60
981,2020-04-25,female,0,82,0
982,2020-04-25,female,10,349,0
983,2020-04-25,female,20,1751,0
984,2020-04-25,female,30,681,0
985,2020-04-25,female,40,846,1
986,2020-04-25,female,50,1164,7
987,2020-04-25,female,60,803,16
988,2020-04-25,female,70,422,33
989,2020-04-25,female,80,289,53
990,2020-04-26,male,0,56,0
991,2020-04-26,male,10,236,0
992,2020-04-26,male,20,1187,0
993,2020-04-26,male,30,463,1
994,2020-04-26,male,40,573,1
995,2020-04-26,male,50,788,7
996,2020-04-26,male,60,544,18
997,2020-04-26,male,70,285,37
998,2020-04-26,male,80,195,60
999,2020-04-26,female,0,83,0
1000,2020-04-26,female,10,349,0
1001,2020-04-26,female,20,1752,0
1002,2020-04-26,female,30,683,0
1003,2020-04-26,female,40,847,1
1004,2020-04-26,female,50,1164,7
1005,2020-04-26,female,60,802,16
1006,2020-04-26,female,70,422,34
1007,2020-04-26,female,80,289,54
1008,2020-04-27,male,0,56,0
1009,2020-04-27,male,10,237,0
1010,2020-04-27,male,20,1188,0
1011,2020-04-27,male,30,465,1
1012,2020-04-27,male,40,574,1
1013,2020-04-27,male,50,788,7
1014,2020-04-27,male,60,544,18
1015,2020-04-27,male,70,285,37
1016,2020-04-27,male,80,195,60
1017,2020-04-27,female,0,83,0
1018,2020-04-27,female,10,350,0
1019,2020-04-27,female,20,1754,0
1020,2020-04-27,female,30,686,0
1021,2020-04-27,female,40,847,1
1022,2020-04-27,female,50,1164,7
1023,2020-04-27,female,60,802,16
1024,2020-04-27,female,70,422,34
1025,2020-04-27,female,80,289,55
1026,2020-04-28,male,0,56,0
1027,2020-04-28,male,10,238,0
1028,2020-04-28,male,20,1191,0
1029,2020-04-28,male,30,466,1
1030,2020-04-28,male,40,574,1
1031,2020-04-28,male,50,789,7
1032,2020-04-28,male,60,544,18
1033,2020-04-28,male,70,286,38
1034,2020-04-28,male,80,195,60
1035,2020-04-28,female,0,83,0
1036,2020-04-28,female,10,351,0
1037,2020-04-28,female,20,1756,0
1038,2020-04-28,female,30,687,0
1039,2020-04-28,female,40,848,1
1040,2020-04-28,female,50,1165,7
1041,2020-04-28,female,60,803,16
1042,2020-04-28,female,70,422,34
1043,2020-04-28,female,80,289,55
1044,2020-04-29,male,0,56,0
1045,2020-04-29,male,10,238,0
1046,2020-04-29,male,20,1192,0
1047,2020-04-29,male,30,467,1
1048,2020-04-29,male,40,576,1
1049,2020-04-29,male,50,790,7
1050,2020-04-29,male,60,544,18
1051,2020-04-29,male,70,286,38
1052,2020-04-29,male,80,195,61
1053,2020-04-29,female,0,83,0
1054,2020-04-29,female,10,351,0
1055,2020-04-29,female,20,1758,0
1056,2020-04-29,female,30,688,0
1057,2020-04-29,female,40,849,1
1058,2020-04-29,female,50,1165,7
1059,2020-04-29,female,60,803,16
1060,2020-04-29,female,70,422,34
1061,2020-04-29,female,80,289,56
1062,2020-04-30,male,0,56,0
1063,2020-04-30,male,10,238,0
1064,2020-04-30,male,20,1193,0
1065,2020-04-30,male,30,468,1
1066,2020-04-30,male,40,576,1
1067,2020-04-30,male,50,790,7
1068,2020-04-30,male,60,544,18
1069,2020-04-30,male,70,286,38
1070,2020-04-30,male,80,196,62
1071,2020-04-30,female,0,83,0
1072,2020-04-30,female,10,351,0
1073,2020-04-30,female,20,1758,0
1074,2020-04-30,female,30,689,0
1075,2020-04-30,female,40,850,1
1076,2020-04-30,female,50,1165,7
1077,2020-04-30,female,60,803,16
1078,2020-04-30,female,70,422,35
1079,2020-04-30,female,80,288,55
1080,2020-05-01,male,0,56,0
1081,2020-05-01,male,10,238,0
1082,2020-05-01,male,20,1195,0
1083,2020-05-01,male,30,468,1
1084,2020-05-01,male,40,577,1
1085,2020-05-01,male,50,790,7
1086,2020-05-01,male,60,545,18
1087,2020-05-01,male,70,286,39
1088,2020-05-01,male,80,196,61
1089,2020-05-01,female,0,83,0
1090,2020-05-01,female,10,351,0
1091,2020-05-01,female,20,1761,0
1092,2020-05-01,female,30,690,0
1093,2020-05-01,female,40,851,1
1094,2020-05-01,female,50,1165,7
1095,2020-05-01,female,60,802,16
1096,2020-05-01,female,70,422,35
1097,2020-05-01,female,80,289,56
1098,2020-05-02,male,0,56,0
1099,2020-05-02,male,10,238,0
1100,2020-05-02,male,20,1197,0
1101,2020-05-02,male,30,469,1
1102,2020-05-02,male,40,578,1
1103,2020-05-02,male,50,791,7
1104,2020-05-02,male,60,545,18
1105,2020-05-02,male,70,286,39
1106,2020-05-02,male,80,196,62
1107,2020-05-02,female,0,83,0
1108,2020-05-02,female,10,351,0
1109,2020-05-02,female,20,1762,0
1110,2020-05-02,female,30,690,0
1111,2020-05-02,female,40,851,1
1112,2020-05-02,female,50,1164,7
1113,2020-05-02,female,60,803,16
1114,2020-05-02,female,70,422,36
1115,2020-05-02,female,80,289,57
1116,2020-05-03,male,0,56,0
1117,2020-05-03,male,10,239,0
1118,2020-05-03,male,20,1199,0
1119,2020-05-03,male,30,470,1
1120,2020-05-03,male,40,579,1
1121,2020-05-03,male,50,791,7
1122,2020-05-03,male,60,546,18
1123,2020-05-03,male,70,287,39
1124,2020-05-03,male,80,197,62
1125,2020-05-03,female,0,83,0
1126,2020-05-03,female,10,351,0
1127,2020-05-03,female,20,1762,0
1128,2020-05-03,female,30,692,0
1129,2020-05-03,female,40,852,1
1130,2020-05-03,female,50,1164,7
1131,2020-05-03,female,60,804,16
1132,2020-05-03,female,70,422,36
1133,2020-05-03,female,80,290,57
1134,2020-05-04,male,0,56,0
1135,2020-05-04,male,10,239,0
1136,2020-05-04,male,20,1200,0
1137,2020-05-04,male,30,471,1
1138,2020-05-04,male,40,581,1
1139,2020-05-04,male,50,792,7
1140,2020-05-04,male,60,548,18
1141,2020-05-04,male,70,287,39
1142,2020-05-04,male,80,197,62
1143,2020-05-04,female,0,83,0
1144,2020-05-04,female,10,351,0
1145,2020-05-04,female,20,1763,0
1146,2020-05-04,female,30,692,0
1147,2020-05-04,female,40,853,1
1148,2020-05-04,female,50,1163,7
1149,2020-05-04,female,60,804,17
1150,2020-05-04,female,70,422,36
1151,2020-05-04,female,80,290,57
1152,2020-05-05,male,0,56,0
1153,2020-05-05,male,10,239,0
1154,2020-05-05,male,20,1200,0
1155,2020-05-05,male,30,471,1
1156,2020-05-05,male,40,581,1
1157,2020-05-05,male,50,792,7
1158,2020-05-05,male,60,548,18
1159,2020-05-05,male,70,287,39
1160,2020-05-05,male,80,197,62
1161,2020-05-05,female,0,83,0
1162,2020-05-05,female,10,351,0
1163,2020-05-05,female,20,1763,0
1164,2020-05-05,female,30,693,0
1165,2020-05-05,female,40,854,1
1166,2020-05-05,female,50,1164,7
1167,2020-05-05,female,60,804,17
1168,2020-05-05,female,70,422,36
1169,2020-05-05,female,80,290,59
1170,2020-05-06,male,0,56,0
1171,2020-05-06,male,10,239,0
1172,2020-05-06,male,20,1201,0
1173,2020-05-06,male,30,472,1
1174,2020-05-06,male,40,581,1
1175,2020-05-06,male,50,793,7
1176,2020-05-06,male,60,548,18
1177,2020-05-06,male,70,287,39
1178,2020-05-06,male,80,197,63
1179,2020-05-06,female,0,83,0
1180,2020-05-06,female,10,351,0
1181,2020-05-06,female,20,1762,0
1182,2020-05-06,female,30,693,0
1183,2020-05-06,female,40,854,1
1184,2020-05-06,female,50,1163,7
1185,2020-05-06,female,60,805,17
1186,2020-05-06,female,70,422,37
1187,2020-05-06,female,80,290,58
1188,2020-05-07,male,0,56,0
1189,2020-05-07,male,10,239,0
1190,2020-05-07,male,20,1202,0
1191,2020-05-07,male,30,473,1
1192,2020-05-07,male,40,582,1
1193,2020-05-07,male,50,793,7
1194,2020-05-07,male,60,548,19
1195,2020-05-07,male,70,287,40
1196,2020-05-07,male,80,197,63
1197,2020-05-07,female,0,83,0
1198,2020-05-07,female,10,352,0
1199,2020-05-07,female,20,1763,0
1200,2020-05-07,female,30,693,0
1201,2020-05-07,female,40,853,1
1202,2020-05-07,female,50,1163,7
1203,2020-05-07,female,60,805,17
1204,2020-05-07,female,70,422,36
1205,2020-05-07,female,80,290,58
1206,2020-05-08,male,0,57,0
1207,2020-05-08,male,10,240,0
1208,2020-05-08,male,20,1203,0
1209,2020-05-08,male,30,476,1
1210,2020-05-08,male,40,583,1
1211,2020-05-08,male,50,793,7
1212,2020-05-08,male,60,549,19
1213,2020-05-08,male,70,287,40
1214,2020-05-08,male,80,197,63
1215,2020-05-08,female,0,83,0
1216,2020-05-08,female,10,351,0
1217,2020-05-08,female,20,1763,0
1218,2020-05-08,female,30,697,0
1219,2020-05-08,female,40,854,1
1220,2020-05-08,female,50,1163,7
1221,2020-05-08,female,60,805,17
1222,2020-05-08,female,70,422,36
1223,2020-05-08,female,80,290,58
1224,2020-05-09,male,0,57,0
1225,2020-05-09,male,10,241,0
1226,2020-05-09,male,20,1210,0
1227,2020-05-09,male,30,478,1
1228,2020-05-09,male,40,584,1
1229,2020-05-09,male,50,795,7
1230,2020-05-09,male,60,550,19
1231,2020-05-09,male,70,288,40
1232,2020-05-09,male,80,198,63
1233,2020-05-09,female,0,83,0
1234,2020-05-09,female,10,352,0
1235,2020-05-09,female,20,1768,0
1236,2020-05-09,female,30,698,0
1237,2020-05-09,female,40,853,1
1238,2020-05-09,female,50,1162,7
1239,2020-05-09,female,60,804,17
1240,2020-05-09,female,70,421,36
1241,2020-05-09,female,80,289,58
1242,2020-05-10,male,0,57,0
1243,2020-05-10,male,10,243,0
1244,2020-05-10,male,20,1221,0
1245,2020-05-10,male,30,480,1
1246,2020-05-10,male,40,587,1
1247,2020-05-10,male,50,798,7
1248,2020-05-10,male,60,552,19
1249,2020-05-10,male,70,289,40
1250,2020-05-10,male,80,198,63
1251,2020-05-10,female,0,83,0
1252,2020-05-10,female,10,353,0
1253,2020-05-10,female,20,1776,0
1254,2020-05-10,female,30,699,0
1255,2020-05-10,female,40,854,1
1256,2020-05-10,female,50,1161,7
1257,2020-05-10,female,60,804,17
1258,2020-05-10,female,70,421,36
1259,2020-05-10,female,80,289,58
1260,2020-05-11,male,0,57,0
1261,2020-05-11,male,10,244,0
1262,2020-05-11,male,20,1234,0
1263,2020-05-11,male,30,485,1
1264,2020-05-11,male,40,591,1
1265,2020-05-11,male,50,801,7
1266,2020-05-11,male,60,555,19
1267,2020-05-11,male,70,290,40
1268,2020-05-11,male,80,199,63
1269,2020-05-11,female,0,83,0
1270,2020-05-11,female,10,353,0
1271,2020-05-11,female,20,1784,0
1272,2020-05-11,female,30,702,0
1273,2020-05-11,female,40,854,1
1274,2020-05-11,female,50,1158,7
1275,2020-05-11,female,60,802,17
1276,2020-05-11,female,70,420,36
1277,2020-05-11,female,80,288,58
1278,2020-05-12,male,0,58,0
1279,2020-05-12,male,10,246,0
1280,2020-05-12,male,20,1241,0
1281,2020-05-12,male,30,489,1
1282,2020-05-12,male,40,593,1
1283,2020-05-12,male,50,804,7
1284,2020-05-12,male,60,556,19
1285,2020-05-12,male,70,291,39
1286,2020-05-12,male,80,200,63
1287,2020-05-12,female,0,83,0
1288,2020-05-12,female,10,355,0
1289,2020-05-12,female,20,1787,0
1290,2020-05-12,female,30,704,0
1291,2020-05-12,female,40,854,1
1292,2020-05-12,female,50,1158,7
1293,2020-05-12,female,60,801,17
1294,2020-05-12,female,70,419,37
1295,2020-05-12,female,80,288,60
1296,2020-05-13,male,0,58,0
1297,2020-05-13,male,10,247,0
1298,2020-05-13,male,20,1248,0
1299,2020-05-13,male,30,492,1
1300,2020-05-13,male,40,595,1
1301,2020-05-13,male,50,806,7
1302,2020-05-13,male,60,557,19
1303,2020-05-13,male,70,292,39
1304,2020-05-13,male,80,201,64
1305,2020-05-13,female,0,84,0
1306,2020-05-13,female,10,355,0
1307,2020-05-13,female,20,1793,0
1308,2020-05-13,female,30,706,0
1309,2020-05-13,female,40,854,1
1310,2020-05-13,female,50,1157,7
1311,2020-05-13,female,60,801,17
1312,2020-05-13,female,70,419,37
1313,2020-05-13,female,80,288,60
1314,2020-05-14,male,0,58,0
1315,2020-05-14,male,10,252,0
1316,2020-05-14,male,20,1255,0
1317,2020-05-14,male,30,493,1
1318,2020-05-14,male,40,596,1
1319,2020-05-14,male,50,806,7
1320,2020-05-14,male,60,558,19
1321,2020-05-14,male,70,292,39
1322,2020-05-14,male,80,201,64
1323,2020-05-14,female,0,84,0
1324,2020-05-14,female,10,361,0
1325,2020-05-14,female,20,1800,0
1326,2020-05-14,female,30,708,0
1327,2020-05-14,female,40,854,1
1328,2020-05-14,female,50,1157,7
1329,2020-05-14,female,60,800,18
1330,2020-05-14,female,70,419,37
1331,2020-05-14,female,80,288,60
0,2020-03-02,All,All,4203,16
1,2020-03-03,All,All,4803,23
2,2020-03-04,All,All,5319,26
3,2020-03-05,All,All,5757,30
4,2020-03-06,All,All,6275,36
5,2020-03-07,All,All,6768,38
6,2020-03-08,All,All,7125,44
7,2020-03-09,All,All,7373,45
8,2020-03-10,All,All,7504,48
9,2020-03-11,All,All,7746,54
10,2020-03-12,All,All,7860,60
11,2020-03-13,All,All,7970,61
12,2020-03-14,All,All,8077,66
13,2020-03-15,All,All,8153,69
14,2020-03-16,All,All,8227,69
15,2020-03-17,All,All,8311,75
16,2020-03-18,All,All,8404,78
17,2020-03-19,All,All,8556,85
18,2020-03-20,All,All,8643,88
19,2020-03-21,All,All,8790,97
20,2020-03-22,All,All,8888,98
21,2020-03-23,All,All,8952,105
22,2020-03-24,All,All,9028,118
23,2020-03-25,All,All,9128,120
24,2020-03-26,All,All,9232,125
25,2020-03-27,All,All,9323,133
26,2020-03-28,All,All,9469,138
27,2020-03-29,All,All,9574,147
28,2020-03-30,All,All,9652,152
29,2020-03-31,All,All,9777,156
30,2020-04-01,All,All,9878,159
31,2020-04-02,All,All,9967,163
32,2020-04-03,All,All,10053,168
33,2020-04-04,All,All,10147,171
34,2020-04-05,All,All,10228,177
35,2020-04-06,All,All,10275,180
36,2020-04-07,All,All,10322,186
37,2020-04-08,All,All,10375,194
38,2020-04-09,All,All,10414,198
39,2020-04-10,All,All,10441,202
40,2020-04-11,All,All,10471,205
41,2020-04-12,All,All,10503,208
42,2020-04-13,All,All,10528,211
43,2020-04-14,All,All,10555,216
44,2020-04-15,All,All,10582,219
45,2020-04-16,All,All,10604,223
46,2020-04-17,All,All,10626,224
47,2020-04-18,All,All,10644,226
48,2020-04-19,All,All,10652,228
49,2020-04-20,All,All,10665,230
50,2020-04-21,All,All,10674,231
51,2020-04-22,All,All,10685,233
52,2020-04-23,All,All,10693,234
53,2020-04-24,All,All,10699,234
54,2020-04-25,All,All,10709,234
55,2020-04-26,All,All,10718,236
56,2020-04-27,All,All,10729,237
57,2020-04-28,All,All,10743,238
58,2020-04-29,All,All,10752,240
59,2020-04-30,All,All,10756,241
60,2020-05-01,All,All,10765,242
61,2020-05-02,All,All,10771,245
62,2020-05-03,All,All,10784,245
63,2020-05-04,All,All,10792,246
64,2020-05-05,All,All,10795,248
65,2020-05-06,All,All,10797,249
66,2020-05-07,All,All,10801,250
67,2020-05-08,All,All,10813,250
68,2020-05-09,All,All,10831,250
69,2020-05-10,All,All,10865,250
70,2020-05-11,All,All,10900,250
71,2020-05-12,All,All,10927,252
72,2020-05-13,All,All,10953,253
73,2020-05-14,All,All,10982,254
0,2020-03-02,female,All,2615,7
1,2020-03-02,male,All,1588,9
2,2020-03-03,female,All,2998,10
3,2020-03-03,male,All,1805,13
4,2020-03-04,female,All,3327,9
5,2020-03-04,male,All,1992,17
6,2020-03-05,female,All,3612,12
7,2020-03-05,male,All,2145,18
8,2020-03-06,female,All,3936,15
9,2020-03-06,male,All,2339,21
10,2020-03-07,female,All,4247,15
11,2020-03-07,male,All,2521,23
12,2020-03-08,female,All,4436,18
13,2020-03-08,male,All,2689,26
14,2020-03-09,female,All,4577,17
15,2020-03-09,male,All,2796,28
16,2020-03-10,female,All,4656,18
17,2020-03-10,male,All,2848,30
18,2020-03-11,female,All,4804,22
19,2020-03-11,male,All,2942,32
20,2020-03-12,female,All,4872,25
21,2020-03-12,male,All,2988,35
22,2020-03-13,female,All,4933,25
23,2020-03-13,male,All,3037,36
24,2020-03-14,female,All,4982,28
25,2020-03-14,male,All,3095,38
26,2020-03-15,female,All,5021,31
27,2020-03-15,male,All,3132,38
28,2020-03-16,female,All,5063,31
29,2020-03-16,male,All,3164,38
30,2020-03-17,female,All,5114,34
31,2020-03-17,male,All,3197,41
32,2020-03-18,female,All,5170,36
33,2020-03-18,male,All,3234,42
34,2020-03-19,female,All,5265,39
35,2020-03-19,male,All,3291,46
36,2020-03-20,female,All,5318,41
37,2020-03-20,male,All,3325,47
38,2020-03-21,female,All,5407,46
39,2020-03-21,male,All,3383,51
40,2020-03-22,female,All,5463,47
41,2020-03-22,male,All,3425,51
42,2020-03-23,female,All,5500,50
43,2020-03-23,male,All,3452,55
44,2020-03-24,female,All,5534,59
45,2020-03-24,male,All,3494,59
46,2020-03-25,female,All,5583,59
47,2020-03-25,male,All,3545,61
48,2020-03-26,female,All,5639,59
49,2020-03-26,male,All,3593,66
50,2020-03-27,female,All,5688,60
51,2020-03-27,male,All,3635,73
52,2020-03-28,female,All,5738,64
53,2020-03-28,male,All,3731,74
54,2020-03-29,female,All,5779,71
55,2020-03-29,male,All,3795,76
56,2020-03-30,female,All,5823,75
57,2020-03-30,male,All,3829,77
58,2020-03-31,female,All,5878,76
59,2020-03-31,male,All,3899,80
60,2020-04-01,female,All,5936,78
61,2020-04-01,male,All,3942,81
62,2020-04-02,female,All,5992,79
63,2020-04-02,male,All,3975,84
64,2020-04-03,female,All,6045,79
65,2020-04-03,male,All,4008,89
66,2020-04-04,female,All,6100,79
67,2020-04-04,male,All,4047,92
68,2020-04-05,female,All,6134,82
69,2020-04-05,male,All,4094,95
70,2020-04-06,female,All,6161,85
71,2020-04-06,male,All,4114,95
72,2020-04-07,female,All,6189,89
73,2020-04-07,male,All,4133,97
74,2020-04-08,female,All,6217,92
75,2020-04-08,male,All,4158,102
76,2020-04-09,female,All,6235,94
77,2020-04-09,male,All,4179,104
78,2020-04-10,female,All,6246,97
79,2020-04-10,male,All,4195,105
80,2020-04-11,female,All,6260,96
81,2020-04-11,male,All,4211,109
82,2020-04-12,female,All,6277,98
83,2020-04-12,male,All,4226,110
84,2020-04-13,female,All,6289,100
85,2020-04-13,male,All,4239,111
86,2020-04-14,female,All,6302,103
87,2020-04-14,male,All,4253,113
88,2020-04-15,female,All,6319,104
89,2020-04-15,male,All,4263,115
90,2020-04-16,female,All,6337,104
91,2020-04-16,male,All,4267,119
92,2020-04-17,female,All,6345,105
93,2020-04-17,male,All,4281,119
94,2020-04-18,female,All,6355,105
95,2020-04-18,male,All,4289,121
96,2020-04-19,female,All,6359,106
97,2020-04-19,male,All,4293,122
98,2020-04-20,female,All,6365,108
99,2020-04-20,male,All,4300,122
100,2020-04-21,female,All,6372,110
101,2020-04-21,male,All,4302,121
102,2020-04-22,female,All,6375,110
103,2020-04-22,male,All,4310,123
104,2020-04-23,female,All,6379,110
105,2020-04-23,male,All,4314,124
106,2020-04-24,female,All,6381,110
107,2020-04-24,male,All,4318,124
108,2020-04-25,female,All,6387,110
109,2020-04-25,male,All,4322,124
110,2020-04-26,female,All,6391,112
111,2020-04-26,male,All,4327,124
112,2020-04-27,female,All,6397,113
113,2020-04-27,male,All,4332,124
114,2020-04-28,female,All,6404,113
115,2020-04-28,male,All,4339,125
116,2020-04-29,female,All,6408,114
117,2020-04-29,male,All,4344,126
118,2020-04-30,female,All,6409,114
119,2020-04-30,male,All,4347,127
120,2020-05-01,female,All,6414,115
121,2020-05-01,male,All,4351,127
122,2020-05-02,female,All,6415,117
123,2020-05-02,male,All,4356,128
124,2020-05-03,female,All,6420,117
125,2020-05-03,male,All,4364,128
126,2020-05-04,female,All,6421,118
127,2020-05-04,male,All,4371,128
128,2020-05-05,female,All,6424,120
129,2020-05-05,male,All,4371,128
130,2020-05-06,female,All,6423,120
131,2020-05-06,male,All,4374,129
132,2020-05-07,female,All,6424,119
133,2020-05-07,male,All,4377,131
134,2020-05-08,female,All,6428,119
135,2020-05-08,male,All,4385,131
136,2020-05-09,female,All,6430,119
137,2020-05-09,male,All,4401,131
138,2020-05-10,female,All,6440,119
139,2020-05-10,male,All,4425,131
140,2020-05-11,female,All,6444,119
141,2020-05-11,male,All,4456,131
142,2020-05-12,female,All,6449,122
143,2020-05-12,male,All,4478,130
144,2020-05-13,female,All,6457,122
145,2020-05-13,male,All,4496,131
146,2020-05-14,female,All,6471,123
147,2020-05-14,male,All,4511,131
0,2020-03-02,All,0,31,0
1,2020-03-02,All,10,168,0
2,2020-03-02,All,20,1234,0
3,2020-03-02,All,30,505,0
4,2020-03-02,All,40,632,0
5,2020-03-02,All,50,833,4
6,2020-03-02,All,60,529,5
7,2020-03-02,All,70,191,5
8,2020-03-02,All,80,80,2
9,2020-03-03,All,0,33,0
10,2020-03-03,All,10,203,0
11,2020-03-03,All,20,1416,0
12,2020-03-03,All,30,577,0
13,2020-03-03,All,40,712,0
14,2020-03-03,All,50,951,4
15,2020-03-03,All,60,596,7
16,2020-03-03,All,70,223,8
17,2020-03-03,All,80,92,4
18,2020-03-04,All,0,33,0
19,2020-03-04,All,10,232,0
20,2020-03-04,All,20,1574,0
21,2020-03-04,All,30,630,0
22,2020-03-04,All,40,789,0
23,2020-03-04,All,50,1050,4
24,2020-03-04,All,60,645,6
25,2020-03-04,All,70,259,11
26,2020-03-04,All,80,107,5
27,2020-03-05,All,0,37,0
28,2020-03-05,All,10,256,0
29,2020-03-05,All,20,1726,0
30,2020-03-05,All,30,658,0
31,2020-03-05,All,40,846,0
32,2020-03-05,All,50,1126,5
33,2020-03-05,All,60,698,7
34,2020-03-05,All,70,287,12
35,2020-03-05,All,80,123,6
36,2020-03-06,All,0,44,0
37,2020-03-06,All,10,291,0
38,2020-03-06,All,20,1876,0
39,2020-03-06,All,30,692,0
40,2020-03-06,All,40,888,0
41,2020-03-06,All,50,1216,4
42,2020-03-06,All,60,762,10
43,2020-03-06,All,70,339,13
44,2020-03-06,All,80,167,9
45,2020-03-07,All,0,51,0
46,2020-03-07,All,10,326,0
47,2020-03-07,All,20,2037,0
48,2020-03-07,All,30,726,0
49,2020-03-07,All,40,940,0
50,2020-03-07,All,50,1286,4
51,2020-03-07,All,60,829,10
52,2020-03-07,All,70,383,13
53,2020-03-07,All,80,190,11
54,2020-03-08,All,0,57,0
55,2020-03-08,All,10,359,0
56,2020-03-08,All,20,2132,0
57,2020-03-08,All,30,759,0
58,2020-03-08,All,40,974,0
59,2020-03-08,All,50,1348,4
60,2020-03-08,All,60,877,10
61,2020-03-08,All,70,408,17
62,2020-03-08,All,80,211,13
63,2020-03-09,All,0,65,0
64,2020-03-09,All,10,380,0
65,2020-03-09,All,20,2189,0
66,2020-03-09,All,30,778,0
67,2020-03-09,All,40,1004,0
68,2020-03-09,All,50,1390,4
69,2020-03-09,All,60,915,11
70,2020-03-09,All,70,437,17
71,2020-03-09,All,80,215,13
72,2020-03-10,All,0,66,0
73,2020-03-10,All,10,392,0
74,2020-03-10,All,20,2212,0
75,2020-03-10,All,30,788,0
76,2020-03-10,All,40,1029,0
77,2020-03-10,All,50,1415,4
78,2020-03-10,All,60,928,12
79,2020-03-10,All,70,453,18
80,2020-03-10,All,80,221,14
81,2020-03-11,All,0,74,0
82,2020-03-11,All,10,404,0
83,2020-03-11,All,20,2237,0
84,2020-03-11,All,30,803,0
85,2020-03-11,All,40,1081,0
86,2020-03-11,All,50,1471,5
87,2020-03-11,All,60,959,13
88,2020-03-11,All,70,482,20
89,2020-03-11,All,80,235,16
90,2020-03-12,All,0,75,0
91,2020-03-12,All,10,411,0
92,2020-03-12,All,20,2260,0
93,2020-03-12,All,30,811,0
94,2020-03-12,All,40,1100,0
95,2020-03-12,All,50,1494,5
96,2020-03-12,All,60,971,13
97,2020-03-12,All,70,496,23
98,2020-03-12,All,80,242,19
99,2020-03-13,All,0,76,0
100,2020-03-13,All,10,420,0
101,2020-03-13,All,20,2273,0
102,2020-03-13,All,30,822,0
103,2020-03-13,All,40,1116,0
104,2020-03-13,All,50,1522,5
105,2020-03-13,All,60,984,13
106,2020-03-13,All,70,505,23
107,2020-03-13,All,80,252,20
108,2020-03-14,All,0,80,0
109,2020-03-14,All,10,423,0
110,2020-03-14,All,20,2286,0
111,2020-03-14,All,30,832,0
112,2020-03-14,All,40,1132,0
113,2020-03-14,All,50,1550,5
114,2020-03-14,All,60,998,13
115,2020-03-14,All,70,514,26
116,2020-03-14,All,80,262,22
117,2020-03-15,All,0,82,0
118,2020-03-15,All,10,426,0
119,2020-03-15,All,20,2300,0
120,2020-03-15,All,30,841,0
121,2020-03-15,All,40,1140,0
122,2020-03-15,All,50,1567,5
123,2020-03-15,All,60,1011,13
124,2020-03-15,All,70,524,27
125,2020-03-15,All,80,262,24
126,2020-03-16,All,0,84,0
127,2020-03-16,All,10,431,0
128,2020-03-16,All,20,2312,0
129,2020-03-16,All,30,848,0
130,2020-03-16,All,40,1146,0
131,2020-03-16,All,50,1584,5
132,2020-03-16,All,60,1023,13
133,2020-03-16,All,70,530,27
134,2020-03-16,All,80,269,24
135,2020-03-17,All,0,85,0
136,2020-03-17,All,10,435,0
137,2020-03-17,All,20,2329,0
138,2020-03-17,All,30,855,0
139,2020-03-17,All,40,1163,0
140,2020-03-17,All,50,1601,5
141,2020-03-17,All,60,1032,15
142,2020-03-17,All,70,538,28
143,2020-03-17,All,80,273,27
144,2020-03-18,All,0,86,0
145,2020-03-18,All,10,437,0
146,2020-03-18,All,20,2341,0
147,2020-03-18,All,30,872,0
148,2020-03-18,All,40,1170,0
149,2020-03-18,All,50,1614,5
150,2020-03-18,All,60,1058,15
151,2020-03-18,All,70,541,28
152,2020-03-18,All,80,285,30
153,2020-03-19,All,0,90,0
154,2020-03-19,All,10,443,0
155,2020-03-19,All,20,2357,0
156,2020-03-19,All,30,885,0
157,2020-03-19,All,40,1180,0
158,2020-03-19,All,50,1641,6
159,2020-03-19,All,60,1079,16
160,2020-03-19,All,70,561,33
161,2020-03-19,All,80,320,30
162,2020-03-20,All,0,96,0
163,2020-03-20,All,10,451,0
164,2020-03-20,All,20,2364,0
165,2020-03-20,All,30,892,0
166,2020-03-20,All,40,1192,0
167,2020-03-20,All,50,1655,6
168,2020-03-20,All,60,1098,16
169,2020-03-20,All,70,567,34
170,2020-03-20,All,80,328,32
171,2020-03-21,All,0,98,0
172,2020-03-21,All,10,456,0
173,2020-03-21,All,20,2379,0
174,2020-03-21,All,30,899,0
175,2020-03-21,All,40,1202,0
176,2020-03-21,All,50,1671,6
177,2020-03-21,All,60,1117,17
178,2020-03-21,All,70,588,36
179,2020-03-21,All,80,380,38
180,2020-03-22,All,0,100,0
181,2020-03-22,All,10,459,0
182,2020-03-22,All,20,2395,0
183,2020-03-22,All,30,908,0
184,2020-03-22,All,40,1220,0
185,2020-03-22,All,50,1690,6
186,2020-03-22,All,60,1131,16
187,2020-03-22,All,70,594,36
188,2020-03-22,All,80,391,40
189,2020-03-23,All,0,102,0
190,2020-03-23,All,10,459,0
191,2020-03-23,All,20,2416,0
192,2020-03-23,All,30,916,0
193,2020-03-23,All,40,1227,0
194,2020-03-23,All,50,1701,6
195,2020-03-23,All,60,1138,17
196,2020-03-23,All,70,598,37
197,2020-03-23,All,80,395,45
198,2020-03-24,All,0,104,0
199,2020-03-24,All,10,467,0
200,2020-03-24,All,20,2437,0
201,2020-03-24,All,30,920,0
202,2020-03-24,All,40,1233,0
203,2020-03-24,All,50,1715,8
204,2020-03-24,All,60,1145,20
205,2020-03-24,All,70,607,38
206,2020-03-24,All,80,400,52
207,2020-03-25,All,0,104,0
208,2020-03-25,All,10,474,0
209,2020-03-25,All,20,2472,0
210,2020-03-25,All,30,942,0
211,2020-03-25,All,40,1245,0
212,2020-03-25,All,50,1723,9
213,2020-03-25,All,60,1153,19
214,2020-03-25,All,70,610,38
215,2020-03-25,All,80,405,54
216,2020-03-26,All,0,105,0
217,2020-03-26,All,10,487,0
218,2020-03-26,All,20,2507,0
219,2020-03-26,All,30,954,0
220,2020-03-26,All,40,1251,0
221,2020-03-26,All,50,1737,9
222,2020-03-26,All,60,1161,19
223,2020-03-26,All,70,615,40
224,2020-03-26,All,80,415,57
225,2020-03-27,All,0,107,0
226,2020-03-27,All,10,495,0
227,2020-03-27,All,20,2531,0
228,2020-03-27,All,30,959,0
229,2020-03-27,All,40,1255,0
230,2020-03-27,All,50,1751,9
231,2020-03-27,All,60,1169,20
232,2020-03-27,All,70,629,40
233,2020-03-27,All,80,427,64
234,2020-03-28,All,0,108,0
235,2020-03-28,All,10,500,0
236,2020-03-28,All,20,2566,0
237,2020-03-28,All,30,977,0
238,2020-03-28,All,40,1277,0
239,2020-03-28,All,50,1779,9
240,2020-03-28,All,60,1200,20
241,2020-03-28,All,70,631,40
242,2020-03-28,All,80,431,69
243,2020-03-29,All,0,110,0
244,2020-03-29,All,10,507,0
245,2020-03-29,All,20,2601,0
246,2020-03-29,All,30,992,0
247,2020-03-29,All,40,1291,0
248,2020-03-29,All,50,1797,9
249,2020-03-29,All,60,1209,20
250,2020-03-29,All,70,634,42
251,2020-03-29,All,80,433,76
252,2020-03-30,All,0,111,0
253,2020-03-30,All,10,512,0
254,2020-03-30,All,20,2629,0
255,2020-03-30,All,30,1001,0
256,2020-03-30,All,40,1296,0
257,2020-03-30,All,50,1811,9
258,2020-03-30,All,60,1217,20
259,2020-03-30,All,70,639,44
260,2020-03-30,All,80,436,79
261,2020-03-31,All,0,111,0
262,2020-03-31,All,10,514,0
263,2020-03-31,All,20,2655,0
264,2020-03-31,All,30,1011,0
265,2020-03-31,All,40,1311,0
266,2020-03-31,All,50,1850,9
267,2020-03-31,All,60,1234,21
268,2020-03-31,All,70,650,45
269,2020-03-31,All,80,441,81
270,2020-04-01,All,0,115,0
271,2020-04-01,All,10,518,0
272,2020-04-01,All,20,2681,0
273,2020-04-01,All,30,1026,0
274,2020-04-01,All,40,1322,0
275,2020-04-01,All,50,1864,9
276,2020-04-01,All,60,1244,22
277,2020-04-01,All,70,657,45
278,2020-04-01,All,80,451,83
279,2020-04-02,All,0,118,0
280,2020-04-02,All,10,521,0
281,2020-04-02,All,20,2703,0
282,2020-04-02,All,30,1042,0
283,2020-04-02,All,40,1335,1
284,2020-04-02,All,50,1877,10
285,2020-04-02,All,60,1257,22
286,2020-04-02,All,70,662,46
287,2020-04-02,All,80,452,84
288,2020-04-03,All,0,120,0
289,2020-04-03,All,10,527,0
290,2020-04-03,All,20,2733,0
291,2020-04-03,All,30,1051,0
292,2020-04-03,All,40,1349,1
293,2020-04-03,All,50,1886,11
294,2020-04-03,All,60,1265,23
295,2020-04-03,All,70,667,48
296,2020-04-03,All,80,455,85
297,2020-04-04,All,0,121,0
298,2020-04-04,All,10,529,0
299,2020-04-04,All,20,2760,0
300,2020-04-04,All,30,1065,0
301,2020-04-04,All,40,1357,1
302,2020-04-04,All,50,1897,11
303,2020-04-04,All,60,1281,24
304,2020-04-04,All,70,677,49
305,2020-04-04,All,80,460,86
306,2020-04-05,All,0,123,0
307,2020-04-05,All,10,534,0
308,2020-04-05,All,20,2788,0
309,2020-04-05,All,30,1082,0
310,2020-04-05,All,40,1369,1
311,2020-04-05,All,50,1903,12
312,2020-04-05,All,60,1288,24
313,2020-04-05,All,70,680,50
314,2020-04-05,All,80,461,90
315,2020-04-06,All,0,125,0
316,2020-04-06,All,10,541,0
317,2020-04-06,All,20,2803,0
318,2020-04-06,All,30,1085,0
319,2020-04-06,All,40,1374,1
320,2020-04-06,All,50,1905,12
321,2020-04-06,All,60,1293,25
322,2020-04-06,All,70,685,51
323,2020-04-06,All,80,464,91
324,2020-04-07,All,0,125,0
325,2020-04-07,All,10,543,0
326,2020-04-07,All,20,2818,0
327,2020-04-07,All,30,1091,0
328,2020-04-07,All,40,1381,1
329,2020-04-07,All,50,1908,12
330,2020-04-07,All,60,1303,25
331,2020-04-07,All,70,688,56
332,2020-04-07,All,80,465,92
333,2020-04-08,All,0,125,0
334,2020-04-08,All,10,547,0
335,2020-04-08,All,20,2831,0
336,2020-04-08,All,30,1101,0
337,2020-04-08,All,40,1386,2
338,2020-04-08,All,50,1914,12
339,2020-04-08,All,60,1311,26
340,2020-04-08,All,70,691,59
341,2020-04-08,All,80,469,95
342,2020-04-09,All,0,127,0
343,2020-04-09,All,10,551,0
344,2020-04-09,All,20,2843,0
345,2020-04-09,All,30,1108,0
346,2020-04-09,All,40,1393,2
347,2020-04-09,All,50,1916,12
348,2020-04-09,All,60,1313,26
349,2020-04-09,All,70,691,59
350,2020-04-09,All,80,472,99
351,2020-04-10,All,0,128,0
352,2020-04-10,All,10,552,0
353,2020-04-10,All,20,2850,0
354,2020-04-10,All,30,1112,0
355,2020-04-10,All,40,1395,2
356,2020-04-10,All,50,1919,12
357,2020-04-10,All,60,1319,27
358,2020-04-10,All,70,693,61
359,2020-04-10,All,80,473,100
360,2020-04-11,All,0,129,0
361,2020-04-11,All,10,557,0
362,2020-04-11,All,20,2855,0
363,2020-04-11,All,30,1114,0
364,2020-04-11,All,40,1398,2
365,2020-04-11,All,50,1925,13
366,2020-04-11,All,60,1326,28
367,2020-04-11,All,70,693,62
368,2020-04-11,All,80,474,100
369,2020-04-12,All,0,129,0
370,2020-04-12,All,10,560,0
371,2020-04-12,All,20,2868,0
372,2020-04-12,All,30,1119,0
373,2020-04-12,All,40,1399,2
374,2020-04-12,All,50,1929,13
375,2020-04-12,All,60,1329,30
376,2020-04-12,All,70,696,62
377,2020-04-12,All,80,474,101
378,2020-04-13,All,0,131,0
379,2020-04-13,All,10,561,0
380,2020-04-13,All,20,2878,0
381,2020-04-13,All,30,1121,0
382,2020-04-13,All,40,1400,2
383,2020-04-13,All,50,1931,13
384,2020-04-13,All,60,1334,31
385,2020-04-13,All,70,697,63
386,2020-04-13,All,80,475,102
387,2020-04-14,All,0,131,0
388,2020-04-14,All,10,564,0
389,2020-04-14,All,20,2885,0
390,2020-04-14,All,30,1125,0
391,2020-04-14,All,40,1404,2
392,2020-04-14,All,50,1934,13
393,2020-04-14,All,60,1337,32
394,2020-04-14,All,70,699,64
395,2020-04-14,All,80,476,105
396,2020-04-15,All,0,131,0
397,2020-04-15,All,10,568,0
398,2020-04-15,All,20,2894,0
399,2020-04-15,All,30,1130,0
400,2020-04-15,All,40,1407,2
401,2020-04-15,All,50,1936,13
402,2020-04-15,All,60,1338,32
403,2020-04-15,All,70,701,67
404,2020-04-15,All,80,477,105
405,2020-04-16,All,0,134,0
406,2020-04-16,All,10,571,0
407,2020-04-16,All,20,2899,0
408,2020-04-16,All,30,1131,0
409,2020-04-16,All,40,1409,2
410,2020-04-16,All,50,1939,13
411,2020-04-16,All,60,1340,32
412,2020-04-16,All,70,702,67
413,2020-04-16,All,80,479,109
414,2020-04-17,All,0,135,0
415,2020-04-17,All,10,575,0
416,2020-04-17,All,20,2908,0
417,2020-04-17,All,30,1134,0
418,2020-04-17,All,40,1410,2
419,2020-04-17,All,50,1941,13
420,2020-04-17,All,60,1341,32
421,2020-04-17,All,70,703,67
422,2020-04-17,All,80,479,110
423,2020-04-18,All,0,137,0
424,2020-04-18,All,10,575,0
425,2020-04-18,All,20,2917,0
426,2020-04-18,All,30,1135,0
427,2020-04-18,All,40,1411,2
428,2020-04-18,All,50,1943,14
429,2020-04-18,All,60,1342,32
430,2020-04-18,All,70,704,67
431,2020-04-18,All,80,480,111
432,2020-04-19,All,0,137,0
433,2020-04-19,All,10,577,0
434,2020-04-19,All,20,2920,0
435,2020-04-19,All,30,1136,1
436,2020-04-19,All,40,1411,2
437,2020-04-19,All,50,1944,14
438,2020-04-19,All,60,1342,33
439,2020-04-19,All,70,704,67
440,2020-04-19,All,80,481,111
441,2020-04-20,All,0,137,0
442,2020-04-20,All,10,580,0
443,2020-04-20,All,20,2925,0
444,2020-04-20,All,30,1138,1
445,2020-04-20,All,40,1411,2
446,2020-04-20,All,50,1947,14
447,2020-04-20,All,60,1342,33
448,2020-04-20,All,70,704,68
449,2020-04-20,All,80,481,112
450,2020-04-21,All,0,137,0
451,2020-04-21,All,10,581,0
452,2020-04-21,All,20,2927,0
453,2020-04-21,All,30,1138,1
454,2020-04-21,All,40,1412,2
455,2020-04-21,All,50,1950,14
456,2020-04-21,All,60,1342,33
457,2020-04-21,All,70,705,69
458,2020-04-21,All,80,482,112
459,2020-04-22,All,0,137,0
460,2020-04-22,All,10,582,0
461,2020-04-22,All,20,2930,0
462,2020-04-22,All,30,1139,1
463,2020-04-22,All,40,1416,2
464,2020-04-22,All,50,1950,14
465,2020-04-22,All,60,1343,34
466,2020-04-22,All,70,706,70
467,2020-04-22,All,80,482,112
468,2020-04-23,All,0,137,0
469,2020-04-23,All,10,583,0
470,2020-04-23,All,20,2932,0
471,2020-04-23,All,30,1140,1
472,2020-04-23,All,40,1417,2
473,2020-04-23,All,50,1951,14
474,2020-04-23,All,60,1343,34
475,2020-04-23,All,70,707,70
476,2020-04-23,All,80,483,113
477,2020-04-24,All,0,137,0
478,2020-04-24,All,10,584,0
479,2020-04-24,All,20,2933,0
480,2020-04-24,All,30,1141,1
481,2020-04-24,All,40,1417,2
482,2020-04-24,All,50,1952,14
483,2020-04-24,All,60,1344,34
484,2020-04-24,All,70,707,70
485,2020-04-24,All,80,484,113
486,2020-04-25,All,0,138,0
487,2020-04-25,All,10,585,0
488,2020-04-25,All,20,2936,0
489,2020-04-25,All,30,1142,1
490,2020-04-25,All,40,1419,2
491,2020-04-25,All,50,1952,14
492,2020-04-25,All,60,1346,34
493,2020-04-25,All,70,707,70
494,2020-04-25,All,80,484,113
495,2020-04-26,All,0,139,0
496,2020-04-26,All,10,585,0
497,2020-04-26,All,20,2939,0
498,2020-04-26,All,30,1146,1
499,2020-04-26,All,40,1420,2
500,2020-04-26,All,50,1952,14
501,2020-04-26,All,60,1346,34
502,2020-04-26,All,70,707,71
503,2020-04-26,All,80,484,114
504,2020-04-27,All,0,139,0
505,2020-04-27,All,10,587,0
506,2020-04-27,All,20,2942,0
507,2020-04-27,All,30,1151,1
508,2020-04-27,All,40,1421,2
509,2020-04-27,All,50,1952,14
510,2020-04-27,All,60,1346,34
511,2020-04-27,All,70,707,71
512,2020-04-27,All,80,484,115
513,2020-04-28,All,0,139,0
514,2020-04-28,All,10,589,0
515,2020-04-28,All,20,2947,0
516,2020-04-28,All,30,1153,1
517,2020-04-28,All,40,1422,2
518,2020-04-28,All,50,1954,14
519,2020-04-28,All,60,1347,34
520,2020-04-28,All,70,708,72
521,2020-04-28,All,80,484,115
522,2020-04-29,All,0,139,0
523,2020-04-29,All,10,589,0
524,2020-04-29,All,20,2950,0
525,2020-04-29,All,30,1155,1
526,2020-04-29,All,40,1425,2
527,2020-04-29,All,50,1955,14
528,2020-04-29,All,60,1347,34
529,2020-04-29,All,70,708,72
530,2020-04-29,All,80,484,117
531,2020-04-30,All,0,139,0
532,2020-04-30,All,10,589,0
533,2020-04-30,All,20,2951,0
534,2020-04-30,All,30,1157,1
535,2020-04-30,All,40,1426,2
536,2020-04-30,All,50,1955,14
537,2020-04-30,All,60,1347,34
538,2020-04-30,All,70,708,73
539,2020-04-30,All,80,484,117
540,2020-05-01,All,0,139,0
541,2020-05-01,All,10,589,0
542,2020-05-01,All,20,2956,0
543,2020-05-01,All,30,1158,1
544,2020-05-01,All,40,1428,2
545,2020-05-01,All,50,1955,14
546,2020-05-01,All,60,1347,34
547,2020-05-01,All,70,708,74
548,2020-05-01,All,80,485,117
549,2020-05-02,All,0,139,0
550,2020-05-02,All,10,589,0
551,2020-05-02,All,20,2959,0
552,2020-05-02,All,30,1159,1
553,2020-05-02,All,40,1429,2
554,2020-05-02,All,50,1955,14
555,2020-05-02,All,60,1348,34
556,2020-05-02,All,70,708,75
557,2020-05-02,All,80,485,119
558,2020-05-03,All,0,139,0
559,2020-05-03,All,10,590,0
560,2020-05-03,All,20,2961,0
561,2020-05-03,All,30,1162,1
562,2020-05-03,All,40,1431,2
563,2020-05-03,All,50,1955,14
564,2020-05-03,All,60,1350,34
565,2020-05-03,All,70,709,75
566,2020-05-03,All,80,487,119
567,2020-05-04,All,0,139,0
568,2020-05-04,All,10,590,0
569,2020-05-04,All,20,2963,0
570,2020-05-04,All,30,1163,1
571,2020-05-04,All,40,1434,2
572,2020-05-04,All,50,1955,14
573,2020-05-04,All,60,1352,35
574,2020-05-04,All,70,709,75
575,2020-05-04,All,80,487,119
576,2020-05-05,All,0,139,0
577,2020-05-05,All,10,590,0
578,2020-05-05,All,20,2963,0
579,2020-05-05,All,30,1164,1
580,2020-05-05,All,40,1435,2
581,2020-05-05,All,50,1956,14
582,2020-05-05,All,60,1352,35
583,2020-05-05,All,70,709,75
584,2020-05-05,All,80,487,121
585,2020-05-06,All,0,139,0
586,2020-05-06,All,10,590,0
587,2020-05-06,All,20,2963,0
588,2020-05-06,All,30,1165,1
589,2020-05-06,All,40,1435,2
590,2020-05-06,All,50,1956,14
591,2020-05-06,All,60,1353,35
592,2020-05-06,All,70,709,76
593,2020-05-06,All,80,487,121
594,2020-05-07,All,0,139,0
595,2020-05-07,All,10,591,0
596,2020-05-07,All,20,2965,0
597,2020-05-07,All,30,1166,1
598,2020-05-07,All,40,1435,2
599,2020-05-07,All,50,1956,14
600,2020-05-07,All,60,1353,36
601,2020-05-07,All,70,709,76
602,2020-05-07,All,80,487,121
603,2020-05-08,All,0,140,0
604,2020-05-08,All,10,591,0
605,2020-05-08,All,20,2966,0
606,2020-05-08,All,30,1173,1
607,2020-05-08,All,40,1437,2
608,2020-05-08,All,50,1956,14
609,2020-05-08,All,60,1354,36
610,2020-05-08,All,70,709,76
611,2020-05-08,All,80,487,121
612,2020-05-09,All,0,140,0
613,2020-05-09,All,10,593,0
614,2020-05-09,All,20,2978,0
615,2020-05-09,All,30,1176,1
616,2020-05-09,All,40,1437,2
617,2020-05-09,All,50,1957,14
618,2020-05-09,All,60,1354,36
619,2020-05-09,All,70,709,76
620,2020-05-09,All,80,487,121
621,2020-05-10,All,0,140,0
622,2020-05-10,All,10,596,0
623,2020-05-10,All,20,2997,0
624,2020-05-10,All,30,1179,1
625,2020-05-10,All,40,1441,2
626,2020-05-10,All,50,1959,14
627,2020-05-10,All,60,1356,36
628,2020-05-10,All,70,710,76
629,2020-05-10,All,80,487,121
630,2020-05-11,All,0,140,0
631,2020-05-11,All,10,597,0
632,2020-05-11,All,20,3018,0
633,2020-05-11,All,30,1187,1
634,2020-05-11,All,40,1445,2
635,2020-05-11,All,50,1959,14
636,2020-05-11,All,60,1357,36
637,2020-05-11,All,70,710,76
638,2020-05-11,All,80,487,121
639,2020-05-12,All,0,141,0
640,2020-05-12,All,10,601,0
641,2020-05-12,All,20,3028,0
642,2020-05-12,All,30,1193,1
643,2020-05-12,All,40,1447,2
644,2020-05-12,All,50,1962,14
645,2020-05-12,All,60,1357,36
646,2020-05-12,All,70,710,76
647,2020-05-12,All,80,488,123
648,2020-05-13,All,0,142,0
649,2020-05-13,All,10,602,0
650,2020-05-13,All,20,3041,0
651,2020-05-13,All,30,1198,1
652,2020-05-13,All,40,1449,2
653,2020-05-13,All,50,1963,14
654,2020-05-13,All,60,1358,36
655,2020-05-13,All,70,711,76
656,2020-05-13,All,80,489,124
657,2020-05-14,All,0,142,0
658,2020-05-14,All,10,613,0
659,2020-05-14,All,20,3055,0
660,2020-05-14,All,30,1201,1
661,2020-05-14,All,40,1450,2
662,2020-05-14,All,50,1963,14
663,2020-05-14,All,60,1358,37
664,2020-05-14,All,70,711,76
665,2020-05-14,All,80,489,124
